Date,Open,High,Low,Close,Volume
1579910400,8431.78,8444.32,8263.42,8345.88,14296.82
1579996800,8345.88,8605.33,8302.57,8602.37,22444.54
1580083200,8602.37,8991.01,8572.37,8898.94,37524.75
1580169600,8898.94,9407.39,8892.58,9391.97,51850.54
1580256000,9391.97,9429.16,9234.27,9286.18,36978.22
1580342400,9286.18,9561.26,9181.72,9501.38,45852.79
1580428800,9501.38,9518.87,9208.36,9342.23,31334.26
1580515200,9342.23,9455.92,9296.57,9384.45,14778.25
1580601600,9384.45,9469.84,9169.21,9334.25,24059.37
1580688000,9334.25,9605.66,9230.83,9288.96,33363.87
1580774400,9288.96,9347.12,9089.52,9171.98,26614.92
1580860800,9171.98,9750.28,9162.98,9611.42,47150.99
1580947200,9611.42,9853.08,9533.37,9755.84,42264.62
1581033600,9755.84,9866.18,9714.16,9808.36,25549.21
1581120000,9808.36,9936.26,9665.26,9898.25,24889.03
1581206400,9898.25,10162.71,9880.67,10157.78,33829.57
1581292800,10157.78,10185.09,9761.16,9858.03,40941.28
1581379200,9858.03,10370.44,9716.32,10269.43,49240.73
1581465600,10269.43,10475.43,10250.55,10347.93,43484.9
1581552000,10347.93,10500.54,10081.02,10233.32,49389.81
1581638400,10233.32,10387.37,10103.67,10360.37,28984.69
1581724800,10360.37,10388.6,9789.89,9905.43,29878.88
1581811200,9905.43,10042.6,9634.4,9925.51,27579.54
1581897600,9925.51,9958.46,9482.71,9702.48,37157.31
1581984000,9702.48,10274.35,9618.77,10182.6,38551.14
1582070400,10182.6,10300.04,9340.17,9602.43,47506.68
1582156800,9602.43,9698.59,9402.81,9608.8,36843.12
1582243200,9608.8,9766.16,9582.07,9697.86,30286.18
1582329600,9697.86,9720.21,9577.84,9671.46,12206.36
1582416000,9671.46,10011.4,9669.88,9977.39,23058.71
1582502400,9977.39,10019.3,9495.76,9664.21,34044.18
1582588800,9664.21,9682.05,9258.4,9316.18,34827.75
1582675200,9316.18,9379.07,8652.97,8793.5,65447.95
1582761600,8793.5,8978.84,8540.74,8821.5,47005.39
1582848000,8821.5,8908.8,8449.12,8719.29,41600.5
1582934400,8719.29,8815.63,8545.32,8545.45,16806.37
1583020800,8545.45,8776.71,8443.57,8549.38,25550.31
1583107200,8549.38,8983.78,8521.79,8919.74,33004.6
1583193600,8919.74,8940.69,8680.57,8765.68,28648.83
1583280000,8765.68,8863.91,8690.82,8773.78,22115.34
1583366400,8773.78,9179.74,8772.83,9074.82,33760.74
1583452800,9074.82,9183.26,9015.35,9160.39,21090.1
1583539200,9160.39,9225.42,8880.33,8903.72,20669.17
1583625600,8903.72,8920.28,8033.06,8057.67,63231.33
1583712000,8057.67,8200.82,7664.34,7944.4,86700.45
1583798400,7944.4,8165.09,7758.12,7894.66,53646.28
1583884800,7894.66,7998.79,7614.48,7945.36,47596.23
1583971200,7945.36,7984.16,4736.21,4916.78,286243.45
1584057600,4916.78,5984.55,3948.92,5632.58,319316.54
1584144000,5632.58,5665.57,5069.29,5181.77,87978.27
1584230400,5181.77,5961.78,5114.06,5357.02,105160.64
1584316800,5357.02,5364.93,4454.22,5045,203116.86
1584403200,5045,5561.43,4950.9,5337.66,116314.49
1584489600,5337.66,5451.02,5024.71,5413.06,109210.96
1584576000,5413.06,6418.99,5268.33,6184.88,147007.71
1584662400,6184.88,6932.04,5691.69,6206.44,148232.44
1584748800,6206.44,6459.65,5876.79,6195.43,67262.29
1584835200,6195.43,6415.14,5750.68,5828.15,75451.24
1584921600,5828.15,6614.56,5703.64,6503.53,107692.99
1585008000,6503.53,6857.49,6406.64,6767.18,105151.69
1585094400,6767.18,6980.29,6483,6694.21,84721.04
1585180800,6694.21,6796.12,6539.61,6757.95,45203.7
1585267200,6757.95,6876.97,6312.53,6382.8,57134.12
1585353600,6382.8,6384.56,6051.23,6252.49,60814.06
1585440000,6252.49,6286.96,5882.2,5882.2,47232.21
1585526400,5882.2,6616.94,5874.8,6403.31,70623.69
1585612800,6403.31,6531.66,6350.61,6423.61,36169.65
1585699200,6423.61,6716.04,6168,6663.63,59228.61
1585785600,6663.63,7245.15,6585.75,6804.42,93059.32
1585872000,6804.42,7044.01,6618.82,6743.68,55578.32
1585958400,6743.68,7010.45,6671.05,6875.95,33774.99
1586044800,6875.95,6910.39,6689.07,6781.64,26776.41
1586131200,6781.64,7359.05,6779.91,7347.22,78676.82
1586217600,7347.22,7462.51,7084.52,7201.57,70648.16
1586304000,7201.57,7425.85,7157.96,7367.37,60952.77
1586390400,7367.37,7374.01,7124.88,7294.55,44071.93
1586476800,7294.55,7304.8,6757.67,6876.49,63355.47
1586563200,6876.49,6956.27,6785.52,6887.6,24917.32
1586649600,6887.6,7199.97,6802.16,6913.76,42382.58
1586736000,6913.76,6913.76,6612.34,6859.43,63091.4
1586822400,6859.43,6986.75,6773.97,6879.44,44630.96
1586908800,6879.44,6937.49,6614.79,6629.54,49708.81
1586995200,6629.54,7207.11,6487.08,7114.55,98809.08
1587081600,7114.55,7155.17,7005.79,7037.12,45840.75
1587168000,7037.12,7304.35,7028.43,7264.29,35919.74
1587254400,7264.29,7276.84,7072.33,7132.88,29493.83
1587340800,7132.88,7225.23,6770.07,6842.45,64707
1587427200,6842.45,6948.78,6779.51,6855.11,44531.91
1587513600,6855.11,7165.43,6831.44,7135.41,43780.72
1587600000,7135.41,7731.56,7041.2,7489.25,81106.87
1587686400,7489.25,7607.28,7408.35,7509.44,51734.5
1587772800,7509.44,7708.4,7445.98,7546.92,30165.48
1587859200,7546.92,7705.3,7497.88,7701.35,33092.14
1587945600,7701.35,7790.33,7639.98,7787.41,48551.15
1588032000,7787.41,7791.85,7671.26,7760.32,38507.32
1588118400,7760.32,8952.44,7733.02,8784.96,157978.19
1588204800,8784.96,9460.77,8416.64,8637.56,161267.28
1588291200,8637.56,9066.47,8631.39,8829.12,70407.63
1588377600,8829.12,9013.29,8768.81,8981.11,36139.66
1588464000,8981.11,9197.48,8735.78,8907.19,59476.78
1588550400,8907.19,8968.9,8537.49,8881.65,64835.52
1588636800,8881.65,9119.13,8781.58,9029.75,60185.36
1588723200,9029.75,9408.99,8924.06,9153.2,88912.83
1588809600,9153.2,10064.33,9042.52,9999.93,125991.41
1588896000,9999.93,10041.73,9728.64,9808.18,91540.3
1588982400,9808.18,9912.22,9525.77,9541.13,59814.44
1589068800,9541.13,9556.85,8228.22,8735.05,133597.2
1589155200,8735.05,9164.84,8228.58,8568.88,144898.27
1589241600,8568.88,8975.74,8541.95,8821.18,66073.43
1589328000,8821.18,9407.67,8807.57,9317.44,68248.72
1589414400,9317.44,9937.97,9263.29,9793.19,97176.37
1589500800,9793.19,9841.71,9149.13,9311.69,84280.62
1589587200,9311.69,9584.9,9224.32,9387.08,37023.76
1589673600,9387.08,9885.55,9334.23,9670.56,52271.64
1589760000,9670.56,9943.74,9476.37,9722.73,62325.78
1589846400,9722.73,9890.69,9471.96,9780.2,60720.68
1589932800,9780.2,9832.94,9323.82,9509.45,61892.78
1590019200,9509.45,9566.81,8811.54,9059.11,87116.97
1590105600,9059.11,9265.04,8936.82,9170.74,44400.9
1590192000,9170.74,9311.34,9101.08,9186.19,23636.66
1590278400,9186.19,9307.11,8707.14,8718.49,45736.61
1590364800,8718.49,8977.43,8639.46,8901.48,43894.32
1590451200,8901.48,9011.53,8705.66,8844.5,39855.17
1590537600,8844.5,9222.3,8820.55,9204.62,42022.36
1590624000,9204.62,9619.34,9112.3,9579.71,56625.62
1590710400,9579.71,9601.43,9344.8,9424.62,40183.32
1590796800,9424.62,9735.73,9340.45,9699.78,24640.28
1590883200,9699.78,9703.51,9400.25,9450.47,22242.38
1590969600,9450.47,10359.02,9421.6,10211.23,44485.42
1591056000,10211.23,10232.25,9344.53,9523.75,82606.91
1591142400,9523.75,9666.25,9408.56,9666.06,33114.73
1591228800,9666.06,9877.89,9470.9,9794.55,43080.32
1591315200,9794.55,9846.54,9611.19,9622.02,41806.08
1591401600,9622.02,9728.4,9536.15,9671.46,22979.04
1591488000,9671.46,9806.21,9410.33,9750.7,39020.91
1591574400,9750.7,9801.19,9658.72,9782.58,32766.08
1591660800,9782.58,9884.83,9604.13,9779.7,38753.41
1591747200,9779.7,9990.4,9708.63,9891.84,40206.35
1591833600,9891.84,9970.77,9093.42,9268.13,86717.5
1591920000,9268.13,9548.13,9238.24,9464.23,40820.42
1592006400,9464.23,9492,9363.89,9474.65,16597.62
1592092800,9474.65,9479.56,9251.02,9333.7,19334.41
1592179200,9333.7,9498.69,8909.5,9429.65,66872.84
1592265600,9429.65,9585.17,9383.33,9526.7,39887.07
1592352000,9526.7,9550.06,9243.06,9459.13,34516.51
1592438400,9459.13,9480.04,9276.18,9380.67,25143.4
1592524800,9380.67,9419.99,9239.58,9301.83,31669.73
1592611200,9301.83,9394.04,9179.1,9359.18,19608.75
1592697600,9359.18,9418.22,9282.53,9292.81,13199.69
1592784000,9292.81,9774.79,9283.26,9691.61,41271.48
1592870400,9691.61,9720.11,9580.47,9624.3,30724.93
1592956800,9624.3,9664.38,9206.05,9292.94,49186.2
1593043200,9292.94,9335.65,9000.53,9241.32,47297.43
1593129600,9241.32,9289.32,9041.42,9158.07,40519.91
1593216000,9158.07,9190.27,8867.34,9007.14,28152.32
1593302400,9007.14,9189.74,8946.05,9120.39,19775.94
1593388800,9120.39,9234.33,9026.42,9187.07,31119.19
1593475200,9187.07,9200.99,9068.77,9136.47,23376.63
1593561600,9136.47,9299.67,9097.33,9238.89,29846.4
1593648000,9238.89,9267.84,8954.67,9092.8,37657.49
1593734400,9092.8,9127.05,9047.38,9066.46,21807.46
1593820800,9066.46,9195.91,9052.4,9142.2,16185.04
1593907200,9142.2,9152.87,8935.9,9081.44,17548.22
1593993600,9081.44,9372.09,9067.64,9347.05,36844.23
1594080000,9347.05,9378.69,9208.31,9257.32,25836.94
1594166400,9257.32,9471.65,9236.9,9439.2,37422.23
1594252800,9439.2,9441.67,9171.37,9238.95,30177.18
1594339200,9238.95,9317.31,9128.71,9288.57,24422.31
1594425600,9288.57,9302.22,9188.13,9237.13,11785.42
1594512000,9237.13,9339.99,9169.13,9300.95,16385.5
1594598400,9300.95,9336.42,9201.18,9237.89,25872.33
1594684800,9237.89,9279.57,9109.7,9256.07,25865.27
1594771200,9256.07,9272.57,9160.89,9193.22,23480.12
1594857600,9193.22,9216.53,9029.17,9133.23,27882.77
1594944000,9133.23,9183.08,9080.61,9156.79,20542.6
1595030400,9156.79,9205.94,9125.92,9177.22,11952.82
1595116800,9177.22,9238.3,9113.41,9216.02,12797.83
1595203200,9216.02,9224.76,9136.9,9164.42,18729.9
1595289600,9164.42,9435.55,9162.25,9392.83,34505.35
1595376000,9392.83,9551.87,9289.85,9537.24,29959.04
1595462400,9537.24,9675.5,9458.25,9615.21,43462.72
1595548800,9615.21,9647.83,9477.19,9550.23,33810.92
1595635200,9550.23,9744.72,9536.76,9708.41,24211
1595721600,9708.41,10140.55,9659.08,9942.01,42161.94
1595808000,9942.01,11397.48,9935.51,11042.94,128836.3
1595894400,11042.94,11253.39,10590.98,10933.26,85478.78
1595980800,10933.26,11348.53,10854.04,11112.04,61949.48
1596067200,11112.04,11182.76,10875.14,11113.66,45655.22
1596153600,11113.66,11454.11,10981.87,11352.72,54108.77
1596240000,11352.72,11874.77,11240.98,11812.42,63746.48
1596326400,11812.42,12106.89,10694.22,11063.5,63507.01
1596412800,11063.5,11476.29,10945.66,11234.73,42060.85
1596499200,11234.73,11415.16,11021.07,11194.18,35052.44
1596585600,11194.18,11791.62,11095.47,11752.05,48146.58
1596672000,11752.05,11909.81,11577.8,11771.27,49916.86
1596758400,11771.27,11912.62,11350.42,11603.82,55865.16
1596844800,11603.82,11811.4,11534.87,11770.77,23238.62
1596931200,11770.77,11802.93,11533.93,11686.34,19874.64
1597017600,11686.34,12074.31,11640.41,11897.41,56105.27
1597104000,11897.41,11940.4,11138.6,11389.01,62677.5
1597190400,11389.01,11621.05,11182.8,11570.19,37568.86
1597276800,11570.19,11795.34,11284.57,11790.68,42205.26
1597363200,11790.68,11863.43,11657.2,11774.52,37248.83
1597449600,11774.52,11981.62,11697.88,11860.91,31094.75
1597536000,11860.91,11934.96,11701.22,11917.97,22029.01
1597622400,11917.97,12474.73,11775.66,12301.19,56064.01
1597708800,12301.19,12397.4,11855.24,11956.69,49904.68
1597795200,11956.69,12021.8,11592.2,11760.37,50094.06
1597881600,11760.37,11888.72,11679.03,11863.43,43209.58
1597968000,11863.43,11882.67,11494.52,11527.35,63548.27
1598054400,11527.35,11686.02,11379.06,11670.42,49538.11
1598140800,11670.42,11713.62,11521.6,11651.52,33405.25
1598227200,11651.52,11827.45,11594.64,11756.4,39119.97
1598313600,11756.4,11767.64,11130.36,11330.56,50836.08
1598400000,11330.56,11542.65,11259.23,11466.89,27168.29
1598486400,11466.89,11591.64,11135.52,11331.02,40978.91
1598572800,11331.02,11553.81,11289.07,11535.21,30815.36
1598659200,11535.21,11585.98,11433.8,11480.48,16305.87
1598745600,11480.48,11718.98,11470.07,11716.54,16398.78
1598832000,11716.54,11775.27,11586.36,11657.81,26331.03
1598918400,11657.81,12062.06,11540.42,11926.69,45202.86
1599004800,11926.69,11954.28,11219.19,11397.9,53717.87
1599091200,11397.9,11469.2,10017.43,10174.62,82662.97
1599177600,10174.62,10638.71,10020.02,10467.33,54204.6
1599264000,10467.33,10570.95,9880.05,10167.97,60292.64
1599350400,10167.97,10361.12,10019.56,10260.37,29450
1599436800,10260.37,10411.92,9893.68,10379.08,41648.61
1599523200,10379.08,10443.72,9855.68,10128.54,54770.65
1599609600,10128.54,10349.09,9989.63,10228.85,33984.18
1599696000,10228.85,10493.32,10221.37,10345.68,43679.85
1599782400,10345.68,10412.6,10215.49,10398.5,25800.65
1599868800,10398.5,10486.76,10282.43,10448,17704.47
1599955200,10448,10578.97,10224.4,10332.36,28905.77
1600041600,10332.36,10753.33,10259.62,10678.31,34032.31
1600128000,10678.31,10936.89,10632.26,10786.7,34224.45
1600214400,10786.7,11094.7,10670.02,10957.1,34093.35
1600300800,10957.1,11047.25,10755.99,10945.14,26980.75
1600387200,10945.14,11040.66,10823.93,10937.89,22774.38
1600473600,10937.89,11173.88,10898.63,11083.61,17491.35
1600560000,11083.61,11083.9,10775.23,10921.85,21791.13
1600646400,10921.85,10992.25,10319.73,10418.14,44906.88
1600732800,10418.14,10576.92,10365.99,10534.73,28764.85
1600819200,10534.73,10546.48,10166.62,10238.09,26680.48
1600905600,10238.09,10792.17,10213.75,10742.98,29020.54
1600992000,10742.98,10762.38,10562.14,10694.12,33843.79
1601078400,10694.12,10822.99,10658.15,10734.23,13794.51
1601164800,10734.23,10810.35,10612.42,10781.47,13820.35
1601251200,10781.47,10951.6,10649.18,10699,32269.15
1601337600,10699,10863.02,10641.03,10841.29,31167.43
1601424000,10841.29,10850.12,10666.17,10779.42,29556.58
1601510400,10779.42,10926.47,10454.66,10622.79,39457.33
1601596800,10622.79,10668.49,10388.07,10576.64,33798.95
1601683200,10576.64,10602.28,10507.49,10552.04,10469.92
1601769600,10552.04,10699.94,10534.5,10675.52,10487.7
1601856000,10675.52,10799.53,10627.77,10795.11,23891.17
1601942400,10795.11,10801.66,10533.32,10603.9,30869.62
1602028800,10603.9,10679.76,10554.41,10672.67,19601.45
1602115200,10672.67,10957.42,10541.2,10929.4,39280.36
1602201600,10929.4,11109.32,10839.3,11058.78,32665.61
1602288000,11058.78,11485.43,11057.98,11301.57,26181.83
1602374400,11301.57,11434.1,11284.09,11375.51,17795.07
1602460800,11375.51,11725.28,11223.99,11539.76,41705.77
1602547200,11539.76,11561.69,11314.56,11427.29,33529.75
1602633600,11427.29,11550.25,11298.88,11429.3,22758.2
1602720000,11429.3,11607.59,11269.05,11508.31,33044.49
1602806400,11508.31,11545.35,11224.89,11326.25,29300.16
1602892800,11326.25,11410.01,11270.69,11367.65,9901.25
1602979200,11367.65,11513.68,11357.25,11513.33,11528.41
1603065600,11513.33,11821.95,11417.11,11756.88,39224.67
1603152000,11756.88,12047.73,11688.39,11921.78,48504.61
1603238400,11921.78,13236.39,11900.51,12813.11,103080.18
1603324800,12813.11,13197.69,12700.74,12990.25,57124.85
1603411200,12990.25,13031.82,12732.62,12937.2,32269.84
1603497600,12937.2,13167.31,12886.47,13126.13,20932.05
1603584000,13126.13,13346.7,12910.39,13041.21,28208.48
1603670400,13041.21,13241.79,12797.05,13069.43,35322.99
1603756800,13069.43,13783.14,13060.64,13646.02,44978.37
1603843200,13646.02,13855.57,12906.15,13285.97,32501.89
1603929600,13285.97,13643.6,12985.56,13462.18,41497.54
1604016000,13462.18,13674.89,13132.53,13565.95,56364.21
1604102400,13565.95,14077.8,13432.24,13803.41,43579.77
1604188800,13803.41,13897.02,13630.22,13761.72,20841.63
1604275200,13761.72,13828.48,13221.65,13571.24,33465.17
1604361600,13571.24,14071.54,13300.84,14023.78,21969.7
1604448000,14023.78,14258.9,13539.13,14157.73,30406.02
1604534400,14157.73,15739.47,14114.37,15599.92,42121.25
1604620800,15599.92,15948.88,15219.57,15590.62,34543.56
1604707200,15590.62,15765.02,14427.34,14838.16,25695.27
1604793600,14838.16,15653.89,14739.11,15488.25,18706.65
1604880000,15488.25,15812.23,14833.13,15335.03,32088.79
1604966400,15335.03,15476.99,15099.11,15313.73,23031.66
1605052800,15313.73,15983.03,15288.76,15707.08,45852.83
1605139200,15707.08,16348.99,15476.25,16306.53,67322.57
1605225600,16306.53,16482.62,15975.8,16332.85,42676.28
1605312000,16332.85,16334.29,15720.61,16075.95,28331.05
1605398400,16075.95,16156.82,15796.03,15964.7,17966.53
1605484800,15964.7,16876.48,15877.77,16721.46,41641.22
1605571200,16721.46,17857.37,16563.5,17681.54,62123.13
1605657600,17681.54,18466.1,17260.91,17786.27,80691.42
1605744000,17786.27,18172.87,17365.08,17824.64,48224.86
1605830400,17824.64,18814.87,17764.07,18672.78,51122.68
1605916800,18672.78,18966.12,18359.06,18704.06,37702.81
1606003200,18704.06,18757.55,17635.18,18430.59,43464.62
1606089600,18430.59,18761.66,18010.51,18385.74,48994.17
1606176000,18385.74,19419.49,18117.78,19157.16,74142.3
1606262400,19157.16,19488.81,18519.89,18725.76,59989.48
1606348800,18725.76,18907.31,16270.37,17175.86,129609.34
1606435200,17175.86,17479.12,16462.87,17155,61052.47
1606521600,17155,17893.95,16895,17739.9,34697.03
1606608000,17739.9,18347.24,17543.55,18199.23,27161.16
1606694400,18199.23,19850.23,18199.03,19686.87,77985.3
1606780800,19686.87,19911.79,18194.17,18792.03,91108.23
1606867200,18792.03,19337.16,18350,19226.19,47787.81
1606953600,19226.19,19608.49,18888.12,19448.44,38699.87
1607040000,19448.44,19541.62,18603.79,18665,42234.35
1607126400,18665,19178.4,18514.92,19156.84,20517.48
1607212800,19156.84,19417.33,18885.88,19378.94,21172.5
1607299200,19378.94,19411.51,18909.97,19181.41,24908.46
1607385600,19181.41,19295.38,18227.31,18323.52,46151.65
1607472000,18323.52,18639.24,17669.15,18549.92,57997.45
1607558400,18549.92,18554.32,17920.56,18250.47,37500.96
1607644800,18250.47,18295.1,17598.13,18034.86,45166.17
1607731200,18034.86,18948.78,18033.05,18814.98,26150.36
1607817600,18814.98,19414.65,18733.67,19169.05,30902.88
1607904000,19169.05,19339.6,19001.22,19274.69,23827.71
1607990400,19274.69,19553.23,19060.06,19441.96,42331.4
1608076800,19441.96,21527.36,19299.86,21352.13,95374.74
1608163200,21352.13,23698.98,21240.41,22822.17,140483.08
1608249600,22822.17,23271.54,22345.87,23135.57,59658.48
1608336000,23135.57,24114.51,22755.03,23844.72,53911.52
1608422400,23844.72,24252.16,23095.72,23467.06,42981.99
1608508800,23467.06,24077.7,22015.91,22727.13,75934.38
1608595200,22727.13,23833.23,22378.26,23823.32,49685.46
1608681600,23823.32,24082.98,22641.37,23239.5,66161.63
1608768000,23239.5,23778.56,22716.45,23724.2,39804.23
1608854400,23724.2,24776.64,23417.43,24707.98,49655.15
1608940800,24707.98,26780.61,24494.27,26445.7,62923.13
1609027200,26445.7,28340.08,25805.96,26249.27,91052.09
1609113600,26249.27,27461.63,26085.96,27039.45,52027.49
1609200000,27039.45,27383.6,25864.25,27360.78,55477.49
1609286400,27360.78,28990.2,27360.09,28889.61,70752.88
1609372800,28889.61,29301.67,27957.13,28972.4,66915.03
1609459200,28972.4,29666.33,28748.21,29388.94,50841.73
1609545600,29388.94,33257.29,29036.26,32203.64,119214.75
1609632000,32203.64,34789.34,32010.59,33063.48,93510.99
1609718400,33063.48,33622.7,28493.29,32030.55,124909.68
1609804800,32030.55,34487.44,29985.29,34038.29,93735.47
1609891200,34038.29,36973.76,33404.2,36849.86,108190.73
1609977600,36849.86,40365.87,36340.01,39479.41,124086.76
1610064000,39479.41,41964.96,36640.51,40636.24,118077.27
1610150400,40636.24,41400.48,38783.61,40236.66,55591.28
1610236800,40236.66,41427.88,35283.65,38202.08,103220.32
1610323200,38202.08,38266.42,30308.4,35496.03,240328
1610409600,35496.03,36620.28,32522.98,34058.4,115232.53
1610496000,34058.4,37809.67,32405.89,37380.85,91979.17
1610582400,37380.85,40093.43,36751.89,39155.58,74972.21
1610668800,39155.58,39695.43,34396.19,36790.17,89468.27
1610755200,36790.17,37942.44,35395.88,36025.26,54226.28
1610841600,36025.26,36860.67,33854.83,35839.51,50913.3
1610928000,35839.51,37429.24,34784.4,36623.04,43063.97
1611014400,36623.04,37867.53,35917.28,35932.79,48457.45
1611100800,35932.79,36409.96,33519.59,35501.38,66302.02
1611187200,35501.38,35619.6,30067.14,30840.3,125586.98
1611273600,30840.3,33857.39,28817.3,33008.02,109210.12
1611360000,33008.02,33484.73,31430.15,32107.29,39813.32
1611446400,32107.29,33090.99,30957.56,32283.66,33650.76
1611532800,32283.66,34881.18,31937.09,32275.27,59529.49
1611619200,32275.27,32943.69,30853.17,32516.52,59770.06
1611705600,32516.52,32580.05,29236.73,30423.05,102257.23
1611792000,30423.05,33880.92,29905.53,33443.87,76993.1
1611878400,33443.87,38631.5,31996.08,34252.08,169454.57
1611964800,34252.08,34906.15,32858,34317.82,46326.31
1612051200,34317.82,34381.7,32214.08,33143.22,35337.11
1612137600,33143.22,34714.34,32340.24,33535.94,48144.6
1612224000,33535.94,36004.47,33459.48,35524.43,51377.38
1612310400,35524.43,37704.8,35413.72,37677.34,63974.93
1612396800,37677.34,38741.89,36199.19,36983.42,73775.45
1612483200,36983.42,38343.92,36626.5,38310.24,45243.69
1612569600,38310.24,40989.11,38247.96,39267.01,66494.6
1612656000,39267.01,39721.59,37408.16,38868.82,53823.4
1612742400,38868.82,46606.82,38063.87,46437.41,138485.21
1612828800,46437.41,48209.59,45051.46,46509.57,98670.48
1612915200,46509.57,47349.86,43743.99,44854.95,72992.8
1613001600,44854.95,48664.81,44032.66,48006.18,72251.82
1613088000,48006.18,48930.99,46243.85,47435.54,59549.61
1613174400,47435.54,48171.46,46291.19,47222.32,33281.25
1613260800,47222.32,49642.39,47096.92,48652.87,37853.59
1613347200,48652.87,49031.74,45910,47936.51,52683.57
1613433600,47936.51,50561.53,47068.63,49184.63,66072.59
1613520000,49184.63,52622.68,48967.72,52154.91,67133.49
1613606400,52154.91,52550.6,50874.81,51591.61,42530.26
1613692800,51591.61,56331.09,50766.83,55933.47,72433.44
1613779200,55933.47,57528.16,54140.61,55900.84,52924.57
1613865600,55900.84,58348.75,55516.07,57469.95,33823.01
1613952000,57469.95,57540.74,48194.31,54121.17,130806.33
1614038400,54121.17,54164.35,44983.39,48898.7,165758.08
1614124800,48898.7,51399.55,47015.55,49738.17,74972.28
1614211200,49738.17,52086.34,46728.88,47082.87,73102.42
1614297600,47082.87,48438.38,44153.46,46324.5,90519.05
1614384000,46324.5,48362.8,45063.84,46191.39,39013.78
1614470400,46191.39,46645.9,43061.92,45261.03,62249.5
1614556800,45261.03,49812.2,45058.98,49635.07,65660.6
1614643200,49635.07,50221.14,47097.84,48501.21,43281.84
1614729600,48501.21,52625.39,48176.64,50392.55,51572.27
1614816000,50392.55,51792.65,47516.91,48363.74,61387.71
1614902400,48363.74,49467.19,46311.43,48775.37,60955.82
1614988800,48775.37,49185.32,47099.07,48892.8,25116.42
1615075200,48892.8,51455.54,48892.8,50964.18,32958.26
1615161600,50964.18,52408.08,49341.09,52405.02,48084.28
1615248000,52405.02,54933.93,51888.98,54928.7,53740.22
1615334400,54928.7,57396.59,53054.34,55893.31,70138.56
1615420800,55893.31,58142.77,54314.65,57809.41,59202.98
1615507200,57809.41,58069.58,55089.68,57256.22,54282.31
1615593600,57256.22,61749.15,56103.32,61179.79,57862.75
1615680000,61179.79,61674.66,58980.95,58998.89,34886.85
1615766400,58998.89,60589.17,54857.68,55665.01,75161.15
1615852800,55665.01,56936.04,53269.13,56925.01,62540.93
1615939200,56925.01,58975.28,54156.11,58909,62035.71
1616025600,58909,60077.79,57022.2,57643.32,54289.71
1616112000,57643.32,59453.32,56283.37,58060.21,41182.41
1616198400,58060.21,59911.7,57837.79,58101.34,28696.46
1616284800,58101.34,58621.34,55635.61,57374.95,34236.52
1616371200,57374.95,58431.44,53795.78,54095.36,51098.9
1616457600,54095.36,55836.27,52984.36,54355.45,44780.24
1616544000,54355.45,57202.53,51685.15,52303.02,62596.16
1616630400,52303.02,53199.52,50406.31,51336.09,69776.36
1616716800,51336.09,55083.9,51275.54,55055.43,46165.63
1616803200,55055.43,56606.78,53991,55863.73,27392.29
1616889600,55863.73,56561.55,54717.97,55781.01,24145.77
1616976000,55781.01,58413.9,54910.57,57626.1,51547.9
1617062400,57626.1,59402.27,57055.21,58781.54,35315.45
1617148800,58781.54,59818.5,56918.81,58793.8,46494.48
1617235200,58793.8,59469.45,57949.11,58730.82,28027.66
1617321600,58730.82,60061.51,58458.46,58987.8,29748.03
1617408000,58987.8,59770.87,56958.04,57074.97,25104.9
1617494400,57074.97,58493.73,56493.38,58219.43,19002.99
1617580800,58219.43,59235.68,56833.44,59119.56,24696.26
1617667200,59119.56,59464.31,57369.44,58010.35,26304.15
1617753600,58010.35,58628.19,55467.58,55951.98,50347.59
1617840000,55951.98,58150.23,55711.07,58084.46,25461.84
1617926400,58084.46,58881.94,57694.22,58106.85,21314.29
1618012800,58106.85,61193.5,57885.43,59784.8,38726.18
1618099200,59784.8,60673.37,59218.25,59980.45,20365.62
1618185600,59980.45,61233.29,59421.37,59845.76,31804.9
1618272000,59845.76,63682.32,59811.31,63558.48,52964.84
1618358400,63558.48,64859.81,61312.98,62964.27,64272.96
1618444800,62964.27,63826.89,62038.33,63233.03,34089.46
1618531200,63233.03,63567.11,60048.13,61416.41,57540.3
1618617600,61416.41,62541.21,59712.92,60056.07,34261.66
1618704000,60056.07,60393.33,52785.1,56246.82,112545.94
1618790400,56246.82,57590.64,54291.08,55680.11,48650.49
1618876800,55680.11,57101.05,53429.73,56496.06,55866.75
1618963200,56496.06,56801.94,53640.81,53803.25,41813.35
1619049600,53803.25,55458.61,50519.78,51717.61,84222.11
1619136000,51717.61,52112.75,47495.24,51178.03,105510.21
1619222400,51178.03,51223.86,48769.48,50115.99,33894.94
1619308800,50115.99,50576.4,47073.07,49120.97,44241.37
1619395200,49120.97,54389.71,48843.41,54062.29,61603.5
1619481600,54062.29,55490.94,53357.59,55073.48,40602.56
1619568000,55073.48,56461.55,53886.63,54877.94,42647.15
1619654400,54877.94,55217.24,52399.42,53581.58,43948.76
1619740800,53581.58,57984.34,53089.93,57757.97,48771
1619827200,57757.97,58498.65,57057.4,57843.16,26146.3
1619913600,57843.16,57934.82,56092.72,56623.51,21671.56
1620000000,56623.51,58963.84,56531.6,57195.07,41015.04
1620086400,57195.07,57226.81,53108.04,53244.07,64556.47
1620172800,53244.07,57944.11,52978.89,57506.88,56998.25
1620259200,57506.88,58392.76,55299.4,56441.94,50632.92
1620345600,56441.94,58695.29,55311.16,57374.33,42812.69
1620432000,57374.33,59521.69,56985.44,58943.13,37728.82
1620518400,58943.13,59276.99,56350.98,58294.18,45716.87
1620604800,58294.18,59587.03,54239.16,55870.01,71168.05
1620691200,55870.01,56928.37,54490.38,56747.52,42949.94
1620777600,56747.52,58005.44,49182.89,49504.08,74345.74
1620864000,49504.08,51377.99,47029.73,49700.6,119769.29
1620950400,49700.6,51554.66,48910.06,49887.96,42891.66
1621036800,49887.96,50710.05,46606.18,46775.29,53332.47
1621123200,46775.29,49808.83,43918.69,46490.71,79337.9
1621209600,46490.71,46665.19,42130.83,43552.14,134127.17
1621296000,43552.14,45819.36,42309.39,42886.02,71930.7
1621382400,42886.02,43564.34,29925.2,36771.87,290986.06
1621468800,36771.87,42520.03,35009.25,40597.4,139648.53
1621555200,40597.4,42252.07,33552.8,37350.39,120589.87
1621641600,37350.39,38841.92,35287.71,37491.5,74964.98
1621728000,37491.5,38304.55,31157.18,34716.84,131584.71
1621814400,34716.84,39945.35,34467.32,38837.76,106765.14
1621900800,38837.76,39842.9,36509.09,38387.36,66530.67
1621987200,38387.36,40854.81,37855.81,39295.08,66483.59
1622073600,39295.08,40408.95,37211.84,38538.84,46474.62
1622160000,38538.84,38879.6,34733.76,35680.92,85345.66
1622246400,35680.92,37307.1,33666.06,34611.58,60616.25
1622332800,34611.58,36481.62,33400.65,35662.59,37522.16
1622419200,35662.59,37512.8,34202.86,37290.83,50306.62
1622505600,37290.83,37910.19,35733.52,36683.51,44444.78
1622592000,36683.51,38225.18,35935.34,37576.98,39948.44
1622678400,37576.98,39482.46,37199.92,39229.66,41098.93
1622764800,39229.66,39273.49,35617.03,36861.5,49661.48
1622851200,36861.5,37911.76,34846.16,35538.4,39864.17
1622937600,35538.4,36453.81,35264.34,35798.57,27469.69
1623024000,35798.57,36790.39,33367.12,33582.86,52209.55
1623110400,33582.86,34061.09,31034.35,33409.38,88483.79
1623196800,33409.38,37528.42,32435.18,37391.58,92280.57
1623283200,37391.58,38387.2,35821.05,36680.78,63052.49
1623369600,36680.78,37665.85,35981.84,37339.98,43119.67
1623456000,37339.98,37445.32,34655.21,35541.78,40619.14
1623542400,35541.78,39374.68,34802.24,39017.37,46353.98
1623628800,39017.37,41025.42,38755.79,40526.63,68729.09
1623715200,40526.63,41307.06,39526.69,40161.86,48248.1
1623801600,40161.86,40487.98,38122.04,38345.41,48107.62
1623888000,38345.41,39537.42,37386.57,38082.3,41591.09
1623974400,38082.3,38201.23,35158.89,35830.29,60242.99
1624060800,35830.29,36443.26,34863.17,35515.38,44782.25
1624147200,35515.38,36139.95,33377.82,35602.26,56525.29
1624233600,35602.26,35760.61,31284.7,31652.62,111039.05
1624320000,31652.62,33312.87,28908.07,32537.58,129940.61
1624406400,32537.58,34831.93,31790.02,33678.64,60338.69
1624492800,33678.64,35267.23,32340.83,34649.84,38755.56
1624579200,34649.84,35494.5,31290.25,31593.86,91636.1
1624665600,31593.86,32680.58,30190.9,32307.35,58331.1
1624752000,32307.35,34754.5,32031.15,34713.81,60403.96
1624838400,34713.81,35292.57,33890.86,34487.11,41259.21
1624924800,34487.11,36624.75,34243.82,35901.41,44215.51
1625011200,35901.41,36090.37,34062.04,35056.39,39796.96
1625097600,35056.39,35065.41,32757.33,33543.11,36889.93
1625184000,33543.11,33968.47,32715.18,33804.54,33082.4
1625270400,33804.54,34944.91,33333.05,34682.84,17319.23
1625356800,34682.84,35945.36,34390.95,35287.97,15950.93
1625443200,35287.97,35290.8,33151.51,33702.79,31526.39
1625529600,33702.79,35096.65,33558.75,34237.66,32844.8
1625616000,34237.66,35066.82,33807.42,33880.79,21784.2
1625702400,33880.79,33934.31,32108.68,32874.01,47884.76
1625788800,32874.01,34076.49,32274.31,33804.2,25677.95
1625875200,33804.2,34253.5,33030.16,33515.13,19345.51
1625961600,33515.13,34595.69,33335.4,34249.3,15724.2
1626048000,34249.3,34658.46,32660.38,33088.51,31074.01
1626134400,33088.51,33335.54,32206.14,32737.47,25562.97
1626220800,32737.47,33099.2,31601.99,32820.5,27262.01
1626307200,32820.5,33188.54,31133.75,31867.46,33647.48
1626393600,31867.46,32256.94,31046.14,31401.76,25602.04
1626480000,31401.76,31966.25,31194.16,31546.64,27922.98
1626566400,31546.64,32446.17,31131.67,31806.3,25079.04
1626652800,31806.3,31907.17,30487.11,30847.55,38060.99
1626739200,30847.55,31063.88,29320.09,29795.55,43333.42
1626825600,29795.55,32814.13,29513.88,32139.48,48925.57
1626912000,32139.48,32604.4,31738.48,32299.47,24409.69
1626998400,32299.47,33637.93,32012.62,33637.92,23478.17
1627084800,33637.92,34519.75,33429.09,34282.56,20217.05
1627171200,34282.56,35382.63,33892.36,35369.93,22685.72
1627257600,35369.93,40553.85,35270.24,37269.52,100269.43
1627344000,37269.52,39535.5,36422.45,39496.69,58179.65
1627430400,39496.69,40906.09,38809.89,40030.01,66747.14
1627516800,40030.01,40633.62,39281.83,40030.52,31540.85
1627603200,40030.52,42301.76,38346.18,42231.83,42436.67
1627689600,42231.83,42373.59,41065.61,41474.72,25355.65
1627776000,41474.72,42584.65,39471.54,39870.76,33625.25
1627862400,39870.76,40446.6,38698.01,39158.53,33109.34
1627948800,39158.53,39779.45,37679.22,38189.3,38225.1
1628035200,38189.3,39961.11,37526.24,39738.56,34035.77
1628121600,39738.56,41409.14,37330.04,40888.18,59748.14
1628208000,40888.18,43363.62,39895.05,42852.18,48254.57
1628294400,42852.18,44731.51,42473.57,44617.96,50446.88
1628380800,44617.96,45310.33,43300.59,43827.75,39433.62
1628467200,43827.75,46476.01,42818.07,46292.61,49016.22
1628553600,46292.61,46707.56,44663.2,45601.03,35319.34
1628640000,45601.03,46763.89,45360.51,45556.69,30818.26
1628726400,45556.69,46214.21,43786.4,44425.52,35460.2
1628812800,44425.52,47890.79,44260.38,47832.93,34442.64
1628899200,47832.93,48136.25,46049.28,47102.03,23828.49
1628985600,47102.03,47390.93,45595.22,47015.94,18032.86
1629072000,47015.94,48064.42,45681.1,45927.4,28459.99
1629158400,45927.4,47100.97,44438.79,44684.43,37125.87
1629244800,44684.43,46024.97,44240.9,44714.54,30513.78
1629331200,44714.54,47044.06,43982.21,46761.49,33300.5
1629417600,46761.49,49377.5,46652,49336.45,36326.2
1629504000,49336.45,49809.82,48330.03,48867.87,22928.52
1629590400,48867.87,49512.19,48119.98,49289.71,16835.81
1629676800,49289.71,50513.83,49048.25,49521.06,30374.33
1629763200,49521.06,49859.97,47580.66,47690.54,28718.08
1629849600,47690.54,49257.74,47135.07,48996.44,25061.09
1629936000,48996.44,49358.2,46456.68,46852.22,34276.36
1630022400,46852.22,49166.31,46376.81,49088.1,27872.76
1630108800,49088.1,49306.47,48386.9,48918.9,12815.36
1630195200,48918.9,49653.49,47841.49,48794.26,18983.79
1630281600,48794.26,48878.11,46872.47,46993.31,29046.26
1630368000,46993.31,48252.74,46713.72,47159.26,29947.56
1630454400,47159.26,49062.05,46544.74,48840.01,31823.8
1630540800,48840.01,50374.89,48632.7,49280.77,32516.15
1630627200,49280.77,51056.15,48362.56,50019.51,38496.86
1630713600,50019.51,50549.35,49501.12,49935.29,16795.12
1630800000,49935.29,51890.18,49499.28,51784.16,21382.07
1630886400,51784.16,52766.16,51035.68,52693.32,25623.3
1630972800,52693.32,52919.24,43904.42,46856.31,83874.09
1631059200,46856.31,47362.35,44475.76,46073.45,45638.83
1631145600,46073.45,47335.29,45572.3,46392.85,32273.7
1631232000,46392.85,47026.67,44198.27,44853.1,35701.24
1631318400,44853.1,45987.63,44741.98,45166.12,14599.26
1631404800,45166.12,46403.5,44765.82,46049.72,16366.41
1631491200,46049.72,46821.84,43511.3,44958.56,42623.67
1631577600,44958.56,47263.56,44776.37,47129.01,26751.25
1631664000,47129.01,48457.3,46725.15,48148.45,26904.97
1631750400,48148.45,48498.51,47050.55,47764.47,25702.33
1631836800,47764.47,48172.36,46770.31,47297.98,18941.92
1631923200,47297.98,48808,47066.47,48312.46,15782.18
1632009600,48312.46,48376.3,46864.5,47251.76,14044.93
1632096000,47251.76,47340.49,42552.63,42925.46,64374.41
1632182400,42925.46,43625.93,39767.17,40709.59,70924.75
1632268800,40709.59,44012.22,40589.07,43576.15,42391.1
1632355200,43576.15,44994.17,43108.42,44893.87,34506.88
1632441600,44893.87,45143.18,40807.2,42848.41,60130.03
1632528000,42848.41,42992.94,41710.08,42721.91,18046.04
1632614400,42721.91,43928.49,40825.4,43201.79,27847.04
1632700800,43201.79,44360.41,42139.24,42187.51,26251.27
1632787200,42187.51,42781.24,40924.13,41056.79,31946.42
1632873600,41056.79,42603.18,40790.67,41539.43,26354.27
1632960000,41539.43,44106.6,41436.79,43829.34,33984.98
1633046400,43829.34,48470.13,43304.82,48164.35,53577.95
1633132800,48164.35,48347.69,47468.49,47669.02,16062.18
1633219200,47669.02,49185.34,47137.07,48234.05,18588.83
1633305600,48234.05,49501.21,46944.28,49276.91,34394
1633392000,49276.91,51885.03,49087.72,51504.27,40687.89
1633478400,51504.27,55656.67,50439.32,55345.85,64415.98
1633564800,55343.24,55359.77,53391.93,53797.21,33806.76
1633651200,53796.22,56047.91,53666.09,53949.29,29127.91
1633737600,53949.29,55485.2,53696.32,54968.04,14593.95
1633824000,54968.04,56473.63,54131.52,54700.24,23094.98
1633910400,54700.24,57825.98,54448.68,57498.8,31803.75
1633996800,57498.8,57646.93,54098.22,56010.9,33966.65
1634083200,56010.9,57768.98,54279.61,57369,34054.43
1634169600,57369,58514.76,56854.38,57359.21,28061.61
1634256000,57359.21,62889.98,56885.66,61684.96,62053.36
1634342400,61684.96,62341.46,60153.79,60877.77,22943.96
1634428800,60877.77,61698.1,59050.3,61520.54,23336.32
1634515200,61520.54,62662.72,59925.93,62038.16,50489.09
1634601600,62038.16,64468.7,61410.11,64283.97,42983.11
1634688000,64283.97,66980.66,63543.7,66021.02,45364.94
1634774400,66021.02,66645.73,62076.16,62283.96,62097.42
1634860800,62283.96,63731.17,60017.23,60693.59,40476.42
1634947200,60693.59,61733.43,59705.11,61313.09,16232.5
1635033600,61313.09,61481.25,59529.34,60863.56,19158.07
1635120000,60863.56,63709.97,60658.35,63089.04,24693.91
1635206400,63089.04,63290.04,59868.68,60315.68,28107.19
1635292800,60315.68,61473,58128.18,58464.42,45852.35
1635379200,58464.42,62252.08,58145.43,60610.11,51251.1
1635465600,60610.11,62967.45,60269.97,62282.5,35214.62
1635552000,62282.5,62371.52,60774.38,61891.91,15917.35
1635638400,61891.91,62420.57,60022.06,61349.75,19359.29
1635724800,61349.75,62482.31,59554.88,60960.98,31925.65
1635811200,60960.98,64283.57,60677.48,63260.05,36009.96
1635897600,63260.05,63553.52,61057.89,62929.93,29618.09
1635984000,62929.93,63102.86,60745.84,61448.47,23030.57
1636070400,61448.47,62621.97,60789.16,61019.66,20540.56
1636156800,61019.66,61594.16,60130.85,61529.76,15432.25
1636243200,61529.76,63309.57,61406.56,63302.78,14937.9
1636329600,63302.78,67755.46,63302.78,67549.14,39774.17
1636416000,67549.14,68514.26,66312.42,66939.24,32745.53
1636502400,66939.24,68978.64,63196.25,64926.06,50591.31
1636588800,64926.06,65585.68,64130.37,64820.8,21475.67
1636675200,64820.8,65466,62315.02,64156.3,32742.19
1636761600,64156.3,64967.34,63406.98,64409.56,12719.98
1636848000,64409.56,65509.06,63616.33,65509.06,14680.72
1636934400,65509.06,66335.42,63442.58,63614.06,25263.23
1637020800,63614.06,63614.53,58745.71,60108.9,61509.16
1637107200,60108.9,60837.09,58566.05,60365.6,43164.9
1637193600,60365.6,60964.37,56535.61,56930.68,63523.43
1637280000,56930.68,58403.92,55655.03,58136.22,36833.38
1637366400,58136.22,59901.9,57450.63,59769.66,16773.71
1637452800,59769.66,60058.65,58575.6,58700.83,14990.7
1637539200,58700.83,59391.98,55673.01,56303.06,41371.1
1637625600,56303.06,57873.77,55485.59,57566.6,37871.22
1637712000,57566.6,57740.34,55899.88,57175.09,28738.13
1637798400,57175.09,59437.04,57056.64,58966.99,24221.47
1637884800,58966.99,59201.95,53575.54,53788.22,60064.72
1637971200,53788.22,55316.65,53668.95,54805.03,18504.73
1638057600,54805.03,57475.26,53436.05,57331.41,21562.34
1638144000,57331.41,58898.57,56752.37,57839.55,29291.8
1638230400,57839.55,59226.33,55931.33,56975.35,41466.86
1638316800,56975.35,59096.53,56505.99,57227.97,36078.24
1638403200,57227.97,57409.48,55850.4,56522.76,30214.7
1638489600,56522.76,57639.15,52493.23,53663.25,44903.19
1638576000,53663.25,53871.2,43563.07,49243.39,89255.49
1638662400,49243.39,49764.31,47840.63,49465.5,42264.26
1638748800,49465.5,50986.02,47260.2,50552.83,49875.62
1638835200,50552.83,51953.27,50083.33,50633.01,29306.55
1638921600,50633.01,51215.6,48711.85,50513.04,25732.2
1639008000,50513.04,50829.41,47347.73,47593.85,34472.44
1639094400,47593.85,50047.85,46989.42,47191.14,39527.74
1639180800,47191.14,49504.07,46829.85,49398.4,24394.48
1639267200,49398.4,50807.75,48689.25,50109.99,21546.75
1639353600,50109.99,50215.42,45800.52,46731.03,49444.13
1639440000,46731.03,48665.63,46320.4,48387.69,34838.49
1639526400,48387.69,49499.91,46562.1,48885.05,44270.94
1639612800,48885.05,49451.4,47546.15,47635.92,26205.68
1639699200,47635.92,48004.37,45505.02,46164.14,37546.89
1639785600,46164.14,47356.67,45522.92,46861.62,18781.81
1639872000,46861.62,48286.29,46459.66,46697.13,21907.14
1639958400,46697.13,47495.72,45586.49,46913.54,32678.5
1640044800,46913.54,49334.04,46661.88,48917.48,31921.06
1640131200,48917.48,49581.41,48460.43,48614.97,20998.03
1640217600,48614.97,51382.88,48062.25,50830.2,30734.43
1640304000,50830.2,51863.56,50449.36,50840.36,21669.58
1640390400,50840.36,51158.56,50199.56,50431.63,11532.27
1640476800,50431.63,51283.7,49485.62,50790.88,14663.26
1640563200,50790.88,52079.46,50481.26,50714.73,21873.37
1640649600,50714.73,50718.53,47317.78,47536.39,40699.4
1640736000,47536.39,48145.34,46107.79,46471.7,33749.8
1640822400,46471.7,47917.89,45964.28,47129.66,39311.18
1640908800,47129.66,48573.22,45665.44,46197.31,34737.79
1640995200,46197.31,47950.29,46196.03,47737.35,16697.92
1641081600,47737.35,47979.26,46666.18,47306.41,13025.66
1641168000,47306.41,47572.23,45707.55,46450.79,21681.38
1641254400,46450.79,47529.48,45587.91,45824.54,29035.93
1641340800,45824.54,47067.18,42510.86,43432.51,47769.2
1641427200,43432.51,43779.23,42468.76,43094.54,36804.78
1641513600,43094.54,43138.79,40750.42,41543.79,51310.46
1641600000,41543.79,42306.77,40534.37,41686.67,27559.19
1641686400,41686.67,42800.66,41237.13,41869.6,21486.68
1641772800,41869.6,42251.07,39667.6,41832.59,51976.97
1641859200,41832.59,43122.32,41279.45,42743.03,36554.37
1641945600,42743.03,44293.83,42471.08,43919.67,31859.05
1642032000,43919.67,44442.67,42334.75,42575.61,29159.4
1642118400,42575.61,43467.05,41785.44,43089.83,27290.3
1642204800,43089.83,43811.94,42589.82,43088.74,14075.12
1642291200,43088.74,43484.21,42617.07,43100.36,12615.04
1642377600,43100.36,43198.05,41571.67,42224.38,20310.91
1642464000,42224.38,42682.77,41301.01,42372.75,26287.26
1642550400,42372.75,42575.28,41144.83,41674.8,32436.62
1642636800,41674.8,43513.14,40564.32,40697.03,35135.79
1642723200,40697.03,41116.66,35494.42,36469.3,94195.63
1642809600,36469.3,36811.86,34130.35,35075.92,68447.95
1642896000,35075.92,36539.19,34648.38,36288.15,39599.36
1642982400,36288.15,37469.19,32990.72,36702.79,94597.7
1643068800,36702.79,37555.35,35732.05,36975.99,44562.17
1643155200,36975.99,38930.36,36275.92,36829.37,57460
1643241600,36829.37,37242.79,35543.94,37189.85,46006.99
1643328000,37189.85,38021.06,36176.78,37744.7,38853.31
1643414400,37744.7,38728.29,37343.45,38184.86,24097.29
1643500800,38184.86,38364.51,37377.53,37908.44,17354.8
1643587200,37908.44,38769.81,36660.7,38494.66,34716.41
1643673600,38494.66,39281.06,38033.98,38721.49,32504.03
1643760000,38721.49,38883.19,36650.8,36918.19,29144.5
1643846400,36918.19,37411.52,36270.47,37328.64,27541.76
1643932800,37328.64,41737.83,37060.18,41590.34,50443.53
1644019200,41590.34,41954.24,40963.47,41418.21,22244.16
1644105600,41418.21,42671.81,41152.05,42412.41,14391.14
1644192000,42412.41,44518.11,41689.77,43861.07,42425.21
1644278400,43861.07,45483.65,42704.39,44080.12,44964.2
1644364800,44080.12,44849.9,43167.21,44422.91,27461.26
1644451200,44422.91,45837.02,43254.41,43531.67,45532.09
1644537600,43531.67,43950.88,42010.61,42398.98,39322.02
1644624000,42398.98,43041.72,41775.79,42239.01,17662.13
1644710400,42239.01,42773.35,41900.31,42069.84,12420.62
1644796800,42069.84,42857.15,41581.41,42552.28,27975.8
1644883200,42552.28,44771.91,42452.02,44576.33,27548.28
1644969600,44576.33,44583.03,43361.09,43896.34,20597.85
1645056000,43896.34,44187.88,40104.04,40545.09,39645.29
1645142400,40545.09,40980.65,39496.7,39994.66,32514.79
1645228800,39994.66,40464.62,39664.71,40107.12,11674.81
1645315200,40107.12,40142.98,38019.97,38397.25,23028.66
1645401600,38397.25,39495.33,36862.52,37037.39,47549.32
1645488000,37037.39,38458.26,36371.68,38267.75,42886.39
1645574400,38267.75,39260.51,37083.83,37270.85,31850.78
1645660800,37270.85,39182.44,34349.58,38353.62,93348.71
1645747200,38353.62,39710.26,38043.51,39239.77,39454.29
1645833600,39239.77,40228.13,38605.65,39134.83,18649.99
1645920000,39134.83,39861.91,37039.71,37714.96,30834.07
1646006400,37714.96,43953.92,37473.3,43189.46,55323.43
1646092800,43189.46,44883.1,42893.5,44428.47,48462.11
1646179200,44428.47,45069.78,43387.92,43935.37,37389.51
1646265600,43935.37,44079.17,41852.46,42474.37,36512.65
1646352000,42474.37,42520.95,38621.24,39154.4,50126.39
1646438400,39154.4,39596.42,38652.98,39407.02,15938.79
1646524800,39407.02,39686.74,38133.84,38428.92,21034.62
1646611200,38428.92,39536.14,37191.99,38030.63,40474.56
1646697600,38030.63,39361.33,37905.43,38748.52,35521.85
1646784000,38748.52,42557.95,38685.96,41962.85,47211.82
1646870400,41962.85,42043.56,38853.45,39443.42,42472.49
1646956800,39443.42,40221.93,38261.24,38741.03,39197.4
1647043200,38741.03,39414.02,38696.52,38805.53,11886.69
1647129600,38805.53,39254.88,37633.11,37796.31,17796.13
1647216000,37796.31,39802.89,37566.52,39696.28,32100.73
1647302400,39696.28,39863.78,38259.88,39314.86,30642.09
1647388800,39314.86,41638.54,38933.24,41133.64,54967.36
1647475200,41133.64,41441.08,40581.36,40956.79,18001.83
1647561600,40956.79,42250.94,40230.1,41790.97,31863.74
1647648000,41790.97,42367.55,41549.61,42235.02,15244.76
1647734400,42235.02,42297.3,40979.25,41243.16,15580.67
1647820800,41243.16,41510.03,40555.57,41043.9,21865.63
1647907200,41043.9,43287.39,40923.9,42380.11,37636.83
1647993600,42380.11,43021.74,41806.4,42904.1,26406.13
1648080000,42904.1,44230.66,42653.71,44006.77,34879.48
1648166400,44006.77,45112.71,43629.05,44331.36,34465.44
1648252800,44331.36,44811.3,44108.04,44542.31,11559.16
1648339200,44542.31,46896.6,44449.41,46842.14,22676.91
1648425600,46842.14,48208.48,46669.19,47128.71,35796.78
1648512000,47128.71,48054.67,47018.87,47445.3,27820.54
1648598400,47445.3,47690.62,46606.97,47056.41,24550.14
1648684800,47056.41,47599.87,45220.41,45522.65,29105.61
1648771200,45522.65,46726.2,44256.66,46299.75,34247.82
1648857600,46299.75,47208.84,45655.15,45822.28,16494.27
1648944000,45822.28,47432.6,45565.57,46414.26,17415.21
1649030400,46414.26,46893.71,45136.03,46609.36,24886.34
1649116800,46609.36,47187.66,45382.83,45501.58,24206.2
1649203200,45501.58,45518.32,43129.76,43177.78,43268.81
1649289600,43177.78,43894.7,42766.45,43466.21,22801.41
1649376000,43466.21,43982.39,42123.42,42273.38,25455.2
1649462400,42273.38,42813.04,42136.04,42768.61,9050.96
1649548800,42768.61,43442.48,41921.59,42153.77,12859.53
1649635200,42153.77,42422.86,39229.4,39536.71,34885.37
1649721600,39536.71,40673.93,39266.86,40086.66,27198.43
1649808000,40086.66,41538.17,39591.74,41150.33,24390.05
1649894400,41150.33,41503.56,39587.14,39951.63,21473.52
1649980800,39951.63,40800.76,39779.2,40563.69,13944.94
1650067200,40563.69,40698.01,40019.08,40392.55,7771.05
1650153600,40392.55,40602.63,39563.9,39688.16,9701.08
1650240000,39688.16,41096.46,38569.14,40811.03,27721.5
1650326400,40811.03,41755.93,40588.12,41504.44,18644.77
1650412800,41504.44,42208.1,40919.04,41375.35,25834.31
1650499200,41375.35,42996.5,39864.73,40490.97,31792.3
1650585600,40490.97,40794.73,39190.22,39716.04,28863.91
1650672000,39716.04,39988.54,39305.67,39445.97,11481.51
1650758400,39445.97,39943.44,39044.29,39466.26,12668.56
1650844800,39466.26,40590.8,38234.7,40437.52,38636.23
1650931200,40437.52,40797.85,37726.59,38117.39,38188.24
1651017600,38117.39,39465.62,37900.6,39252.04,34510.32
1651104000,39252.04,40386.5,38892.1,39749.75,29981.12
1651190400,39749.75,39922.6,38179.15,38594.22,24745.92
1651276800,38594.22,38788.01,37607.77,37650.13,13696.14
1651363200,37650.13,38668,37461.76,38480.53,17299.6
1651449600,38480.53,39155.96,38057.31,38513.01,29810.45
1651536000,38513.01,38644.5,37519.23,37725.38,28729.95
1651622400,37725.38,40004.37,37665.8,39680.21,36519.07
1651708800,39680.21,39831.19,35616.74,36546.86,51315.2
1651795200,36546.86,36654.02,35318.86,36009.89,46629.65
1651881600,36009.89,36129.02,34837.06,35469.21,20043
1651968000,35469.21,35503.12,33732.4,34033.77,41023.3
1652054400,34033.77,34229.57,30068.1,30076.9,108479.24
1652140800,30076.9,32625.41,29836.19,31013.12,103840.6
1652227200,31013.12,32136.04,28087.41,29017.21,131586.22
1652313600,29017.21,30085.67,25835.61,28915.72,160835.32
1652400000,28915.72,30964.26,28700.17,29244.83,64448.46
1652486400,29244.83,30274.18,28588.99,30050.31,28759.56
1652572800,30050.31,31406.35,29462.91,31296.11,26775.5
1652659200,31296.11,31296.19,29104.45,29838.5,41520.45
1652745600,29838.5,30744.47,29434.76,30415.91,33082.29
1652832000,30415.91,30673.66,28610.2,28667.29,44949.69
1652918400,28667.29,30505,28653.17,30282.48,48991.36
1653004800,30282.48,30725.44,28698.31,29166.15,57051.25
1653091200,29166.15,29613.15,28924.28,29410.72,15780.21
1653177600,29410.72,30454.36,29219.51,30264.29,21390.13
1653264000,30264.29,30634.84,28861.27,29075.68,38286.66
1653350400,29075.68,29800.48,28629.55,29630.05,28263.22
1653436800,29630.05,30189.17,29321.43,29508.27,26906.19
1653523200,29508.27,29848.6,28060.72,29188.71,45080.31
1653609600,29188.71,29359.16,28251.91,28597.33,36570.36
1653696000,28597.33,29234.85,28504.59,29013.53,12661.88
1653782400,29013.53,29548.72,28820.15,29452.23,12840.42
1653868800,29452.23,32161.5,29287.63,31716.41,46295.9
1653955200,31716.41,32367.02,31203.31,31782.16,32446.48
1654041600,31782.16,31956.43,29324.1,29789.58,43767.18
1654128000,29789.58,30647.18,29574.16,30439.63,31049.7
1654214400,30439.63,30676.7,29249.37,29680.3,24607.85
1654300800,29680.3,29953.65,29466.57,29845.48,10446.72
1654387200,29845.48,30151.31,29516.97,29897.9,10423.68
1654473600,29897.9,31740.27,29876.22,31353.78,34484.33
1654560000,31353.78,31551.28,29210.15,31111.75,44308.05
1654646400,31111.75,31305.48,29839.64,30189.27,27741.65
1654732800,30189.27,30677.87,29924.47,30082.94,20555.57
1654819200,30082.94,30336.9,28839.92,29067.38,38461.6
1654905600,29067.38,29414.37,28105.18,28389.49,24313.37
1654992000,28389.49,28519.32,26570.67,26587.35,38522.37
1655078400,26587.35,26871.6,21976.15,22471.59,169741.38
1655164800,22471.59,23214.28,20837.64,22118.37,93509.58
1655251200,22118.37,22743.84,20083.9,22566.73,118629.55
1655337600,22566.73,22961.17,20209.17,20372.85,62443.29
1655424000,20372.85,21330.5,20221.24,20432.26,63610.58
1655510400,20432.26,20722.69,17600.75,18954.25,100138.03
1655596800,18954.25,20776.87,17936,20553.48,61181.89
1655683200,20553.48,21016.02,19616.32,20550.91,48976.59
1655769600,20550.91,21694.7,20339.03,20699.21,45262.22
1655856000,20699.21,20862.67,19756.23,19956.16,50640.15
1655942400,19956.16,21195.95,19870.07,21098.41,40647.06
1656028800,21098.41,21528.86,20717.47,21219.46,40303.85
1656115200,21219.46,21587.06,20902.05,21474.19,21604.15
1656201600,21474.19,21855.84,20968.82,21031.85,20812.53
1656288000,21031.85,21505.42,20553.32,20718.16,30683.89
1656374400,20718.16,21184.16,20179.52,20251.96,32936.56
1656460800,20251.96,20402.7,19844.86,20094.16,37366.3
1656547200,20094.16,20138.96,18622.86,19908.49,56316.14
1656633600,19908.49,20817.65,18952.12,19249.33,62287.55
1656720000,19249.33,19419.25,18965.44,19225.66,20447.36
1656806400,19225.66,19617.18,18768.2,19294.21,22431.91
1656892800,19294.21,20313.34,19036.44,20212.81,31698.75
1656979200,20212.81,20725.51,19284.32,20158.69,46669.86
1657065600,20158.69,20637.99,19749.93,20545.04,39337.75
1657152000,20545.04,21840.22,20242.62,21611.8,50417.79
1657238400,21611.8,22377.17,21183.19,21592.65,56687.83
1657324800,21592.65,21942.8,21328.96,21582.17,21058.31
1657411200,21582.17,21591.09,20671.26,20846.53,23037.78
1657497600,20846.53,20852.04,19872.03,19944.25,37062.98
1657584000,19944.25,20036.49,19230.29,19309.71,44319.07
1657670400,19309.71,20274.83,18919.1,20230.81,60187.72
1657756800,20230.81,20869.51,19620.06,20577.38,50524.15
1657843200,20577.38,21185.15,20373.45,20827.27,35888.21
1657929600,20827.27,21574.75,20481.02,21199.01,27875.55
1658016000,21199.01,21658.47,20752.85,20792.81,25674.37
1658102400,20792.81,22749.06,20760.73,22447.39,66744.81
1658188800,22447.39,23790.89,21588.2,23399.91,79216.86
1658275200,23399.91,24276.14,22923.14,23222.77,74279.35
1658361600,23222.77,23419.67,22348.64,23153.54,52462.17
1658448000,23153.54,23749.68,22513.01,22686.32,42569.62
1658534400,22686.32,22997.6,21953.76,22452.14,25789.53
1658620800,22452.14,23012.74,22270.07,22585.4,22222.43
1658707200,22585.4,22660.92,21268.28,21305.59,42928.78
1658793600,21305.59,21341.58,20733.24,21258.08,38536.61
1658880000,21258.08,23101.9,21049.67,22960.19,52722.03
1658966400,22960.19,24196.42,22599.92,23855.65,55708.07
1659052800,23855.65,24416.37,23444.29,23769.15,42343.73
1659139200,23769.15,24619.11,23521.46,23646.03,32275.85
1659225600,23646.03,24187.18,23243.11,23308.14,23010.79
1659312000,23308.14,23504.29,22866.94,23271.57,31489.52
1659398400,23271.57,23451.58,22668.87,22991.49,34258.27
1659484800,22991.49,23615.71,22695.67,22825.25,44757.6
1659571200,22825.25,23228.89,22418.27,22622.99,36540.64
1659657600,22622.99,23473.92,22590.7,23319.22,50480.51
1659744000,23319.22,23350.56,22922.93,22956.4,17293.89
1659830400,22956.4,23400.38,22854.01,23179.86,16799.46
1659916800,23179.86,24244.59,23162.43,23817.72,40870.37
1660003200,23817.72,23923.56,22881.18,23156.66,38306.57
1660089600,23156.66,24216.73,22674.6,23959.67,52668.46
1660176000,23959.67,24895.61,23867,23943.36,54803.51
1660262400,23943.36,24458.75,23609.84,24412.17,34031.35
1660348800,24412.17,24892.27,24306.08,24449.86,28921.35
1660435200,24449.86,25012.36,24160.64,24313.71,36035.79
1660521600,24313.71,25203.38,23783.19,24101.69,54754.47
1660608000,24101.69,24247.12,23673.2,23858.64,36536.46
1660694400,23858.64,24442.02,23185.14,23338.03,45577.22
1660780800,23338.03,23595.74,23115.03,23201.51,24887.85
1660867200,23201.51,23202.7,20801.31,20833.43,81701.33
1660953600,20833.43,21361.45,20772.5,21142.06,38001.61
1661040000,21142.06,21744.02,21074.63,21514.79,30413.31
1661126400,21514.79,21524.9,20908.27,21399.66,44291.12
1661212800,21399.66,21675.25,20896.83,21520.62,41086.01
1661299200,21520.62,21879.03,21154.75,21369.05,42427.08
1661385600,21369.05,21811.37,21314.81,21565.47,31215.69
1661472000,21565.47,21856.85,20121.8,20247.99,74178.49
1661558400,20247.99,20363.82,19828.05,20038.42,38543.24
1661644800,20038.42,20155.59,19527.69,19554.08,29985.28
1661731200,19554.08,20415.53,19548.16,20292.37,52176.52
1661817600,20292.37,20574.12,19548.55,19813.51,70062.98
1661904000,19813.51,20483.64,19804.19,20050.28,57684.46
1661990400,20050.28,20204.51,19571.05,20129.93,44971.29
1662076800,20129.93,20439.1,19760.56,19957.44,41618.91
1662163200,19957.44,20052.13,19659.2,19834.79,17139.2
1662249600,19834.79,20022.47,19591.33,20003.46,19536.47
1662336000,20003.46,20051.73,19638.59,19793.29,26176.62
1662422400,19793.29,20177.38,18707.09,18791.95,73359.14
1662508800,18791.95,19458.77,18559.15,19287.52,50808.95
1662595200,19287.52,19452.91,19023.78,19321.77,44210.78
1662681600,19321.77,21559.78,19299.24,21369.73,79722.17
1662768000,21369.73,21807.62,21138.54,21655.13,35129.91
1662854400,21655.13,21850.77,21366.74,21836.45,27756.78
1662940800,21836.45,22482.54,21567.71,22400.52,57121.32
1663027200,22400.52,22767.89,19914.37,20173.77,83591.14
1663113600,20173.77,20530.34,19652.44,20233.68,52796.4
1663200000,20233.68,20333.61,19529.68,19700.15,44724.05
1663286400,19700.15,19889.64,19346.99,19804.02,48209.89
1663372800,19804.02,20189.93,19756.39,20118.35,36248.24
1663459200,20118.35,20120.58,19345.98,19417.72,31514.24
1663545600,19417.72,19681.29,18292.38,19541.28,67942.65
1663632000,19541.28,19634.28,18735.87,18879.95,58735.22
1663718400,18879.95,19744.77,18189.92,18468.05,95072.31
1663804800,18468.05,19509.87,18366.46,19405.96,96116.87
1663891200,19405.96,19500.17,18540.64,19291.13,66475.93
1663977600,19291.13,19308.47,18813.25,18924.39,29706.93
1664064000,18924.39,19172.03,18652.6,18809.94,28763
1664150400,18809.94,19316.15,18689.2,19230.96,98706.77
1664236800,19230.96,20377.45,18832.07,19081.4,105641.68
1664323200,19081.4,19774.99,18494.71,19412.67,93863.47
1664409600,19412.67,19641.07,18848.01,19593.46,68669.51
1664496000,19593.46,20180.46,19201.02,19425.63,73013.93
1664582400,19425.63,19482.38,19188.77,19313.96,14808.24
1664668800,19313.96,19394.33,18929.91,19058.15,25352.29
1664755200,19058.15,19697.23,18988.8,19632.35,57248.95
1664841600,19632.35,20459.26,19499.64,20344.58,64461.86
1664928000,20344.58,20366.34,19757.31,20160.74,59503.18
1665014400,20160.74,20449.46,19866.54,19965.12,74646.94
1665100800,19965.12,20058.36,19331.73,19532.81,59698.47
1665187200,19532.81,19625.41,19273.73,19419.32,17433.49
1665273600,19419.32,19558.67,19325.6,19442.41,19856.73
1665360000,19442.41,19526.12,19052.64,19131.36,44380.54
1665446400,19131.36,19263.78,18858.74,19058.29,61563.85
1665532800,19058.29,19231.72,18977.33,19154.85,38948.93
1665619200,19154.85,19504.63,18229.27,19378.91,88597.27
1665705600,19378.91,19946.24,19085.87,19182.01,73991.58
1665792000,19182.01,19226.15,18989.54,19069.72,15194.3
1665878400,19069.72,19424.55,19065.87,19264.26,15790.4
1665964800,19264.26,19676.02,19159.47,19550.49,42730.12
1666051200,19550.49,19698.1,19095.12,19330.29,60022.88
1666137600,19330.29,19359.2,19075.49,19123.89,49128.58
1666224000,19123.89,19339.65,18927.42,19043.54,65084.73
1666310400,19043.54,19248.63,18696.2,19166.4,62640.06
1666396800,19166.4,19254.68,19116.62,19207.57,16403.84
1666483200,19207.57,19687.8,19081.67,19572.6,31309.01
1666569600,19572.6,19593.09,19164.18,19331.06,63448.35
1666656000,19331.06,20414.92,19243.03,20087.18,103329.66
1666742400,20087.18,21013.26,20059.27,20776.76,118988.74
1666828800,20776.76,20876.24,20207.09,20295.28,88046.28
1666915200,20295.28,20751.67,20031.32,20599.89,78334.3
1667001600,20599.89,21064.84,20564.11,20820.19,58585.18
1667088000,20820.19,20936.41,20523.41,20630.65,38497.09
1667174400,20630.65,20833.31,20242.91,20492.56,61486.04
1667260800,20492.56,20684.6,20336.33,20480.27,48670.97
1667347200,20480.27,20801.56,20061.18,20150.33,91094.84
1667433600,20150.33,20385.92,20040.32,20207.99,54134.03
1667520000,20207.99,21295.37,20182.9,21150.6,97929.56
1667606400,21150.6,21471.49,21085.76,21301.57,33103.84
1667692800,21301.57,21363.27,20893.65,20910.59,27700.95
1667779200,20910.59,21066.63,20395.49,20593.73,72622.36
1667865600,20593.73,20672.25,17452.87,18544.7,208299.18
1667952000,18544.7,18581.64,15546.97,15820.02,245518.91
1668038400,15820.02,18113.28,15674.81,17559.67,167486.58
1668124800,17559.67,17644.1,16383.43,17007.72,103948.83
1668211200,17007.72,17067.53,16603.78,16773.9,34631.17
1668297600,16773.9,16921.72,16235.01,16307.47,35382.36
1668384000,16307.47,17157.81,15797.71,16592.04,84268.36
1668470400,16592.04,17091.76,16509.15,16879.14,76202.66
1668556800,16879.14,16988.63,16373.11,16648.05,64606.13
1668643200,16648.05,16731.41,16405.81,16680.21,39166.08
1668729600,16680.21,16975.14,16531.77,16677.95,45048.23
1668816000,16677.95,16798.75,16539.01,16683.72,17003.18
1668902400,16683.72,16730,16169.2,16253.6,28587.86
1668988800,16253.6,16272.47,15480.69,15760.19,80853.23
1669075200,15760.19,16277.08,15600.3,16198.25,74140.47
1669161600,16198.25,16676.49,16144.79,16590.98,66057.37
1669248000,16590.98,16787.9,16453.52,16588.46,37641.28
1669334400,16588.46,16605.86,16336.71,16508.33,34733.48
1669420800,16508.33,16687.21,16382.61,16451.53,20929.5
1669507200,16451.53,16587.18,16401.91,16420.87,18193.37
1669593600,16420.87,16477.82,16000.76,16207.01,53565.6
1669680000,16207.01,16528.39,16096.7,16431.79,50846.01
1669766400,16431.79,17216.6,16424.76,17162.35,86349.91
1669852800,17162.35,17255.22,16865.92,16978.64,57361.34
1669939200,16978.64,17102.08,16827.01,17094.49,45492.23
1670025600,17094.49,17152.49,16868.66,16888.31,24699.47
1670112000,16888.31,17194.4,16884.91,17111.76,29823.7
1670198400,17111.76,17409.45,16879.12,16966.84,62808.12
1670284800,16966.84,17101.02,16917.86,17086.52,47766.64
1670371200,17086.52,17126.91,16713.28,16837.85,42127.95
1670457600,16837.85,17286.64,16757.86,17226.02,48682.69
1670544000,17226.02,17319.38,17077.4,17126.85,41460.2
1670630400,17126.85,17221.25,17102.71,17129.19,17288.71
1670716800,17129.19,17259.64,17080.42,17094.83,22135.09
1670803200,17094.83,17239.13,16881.75,17208.66,43450.3
1670889600,17208.66,17945.07,17096.23,17775.32,80026.6
1670976000,17775.32,18344.32,17684.33,17801.37,84917.12
1671062400,17801.37,17853.72,17296.89,17359.21,68490.07
1671148800,17359.21,17520.63,16611.58,16658.44,88776.6
1671235200,16658.44,16794.06,16593.68,16780.55,40996.08
1671321600,16780.55,16830.84,16673.02,16742.74,25188.36
1671408000,16742.74,16813.47,16350.32,16442.79,63181.42
1671494400,16442.79,17028.68,16404.94,16901.12,78296.38
1671580800,16901.12,16922.92,16737.8,16821.13,42277.5
1671667200,16821.13,16860.78,16571.31,16816.01,48646.01
1671753600,16816.01,16907.78,16763.01,16780.97,46894.6
1671840000,16780.97,16857.81,16779.49,16837.16,17417.89
1671926400,16837.16,16850.93,16736.37,16829.1,17605.22
1672012800,16829.1,16926.73,16796.91,16916.07,20635.79
1672099200,16916.07,16960.3,16606.04,16700.54,42994.72
1672185600,16700.54,16767.99,16471.35,16540.47,54253.61
1672272000,16540.47,16650.11,16487.13,16631.24,41148.04
1672358400,16631.24,16637.25,16364.76,16599.47,53276.85
1672444800,16599.47,16625.46,16487.05,16531.31,27594.76
1672531200,16531.31,16619.82,16502.85,16613.87,20256.16
1672617600,16613.87,16768.07,16544.15,16670.08,30159.75
1672704000,16670.08,16766.7,16605.01,16670.16,37684.59
1672790400,16670.16,16972.62,16651.02,16846.82,58841.99
1672876800,16846.82,16869.84,16764.64,16825.87,31174.48
1672963200,16825.87,17013.77,16687.42,16946.16,52488.7
1673049600,16946.16,16972.62,16905.39,16942.73,11628.45
1673136000,16942.73,17132.21,16913.28,17115.81,21159.6
1673222400,17115.81,17387.59,17103.2,17179.03,73779.59
1673308800,17179.03,17484.36,17148.57,17442.44,57628.21
1673395200,17442.44,17986.45,17324.71,17938,63571.7
1673481600,17938,19092.31,17906.4,18849,122644.76
1673568000,18849,19992.23,18717.45,19932.05,94611.39
1673654400,19932.05,21255.15,19895.77,20954.52,107073.42
1673740800,20954.52,21047.91,20575.44,20878.94,44461.09
1673827200,20878.94,21438.83,20635.89,21188.92,66430.52
1673913600,21188.92,21555.18,20866.41,21136.12,55706.36
1674000000,21136.12,21624.6,20411.68,20678.47,82422.66
1674086400,20678.47,21180.98,20670.44,21082.28,54649.2
1674172800,21082.28,22724.89,20884.26,22676.2,82923.31
1674259200,22676.2,23327.14,22465.82,22789.92,96424.84
1674345600,22789.92,23072.22,22343.13,22714.99,62351.77
1674432000,22714.99,23154.59,22585.74,22917.47,70990.57
1674518400,22917.47,23159.62,22485,22637.8,78065.25
1674604800,22637.8,23801.04,22354.6,23066.28,88106.3
1674691200,23066.28,23268.02,22870.4,23009.15,64065.53
1674777600,23009.15,23485.53,22594.06,23077.75,65135.66
1674864000,23077.75,23181.57,22895.7,23031.02,20229.78
1674950400,23031.02,23948.42,22981.04,23747.26,57693.1
1675036800,23747.26,23796.62,22577.01,22833.34,73408.97
1675123200,22833.34,23271.14,22725.41,23129.7,49746.31
1675209600,23129.7,23799.9,22792.33,23730.52,50174.15
1675296000,23730.52,24229.18,23423.04,23470.8,57852.6
1675382400,23470.8,23709.93,23230.74,23437.21,40956.08
1675468800,23437.21,23582.26,23268.8,23332.1,14312.36
1675555200,23332.1,23429.68,22796.98,22940.79,27262.45
1675641600,22940.79,23147.93,22655.5,22761.44,40112.72
1675728000,22761.44,23343.29,22752.6,23252.78,37031.49
1675814400,23252.78,23407.79,22688.45,22961.13,32423.41
1675900800,22961.13,23000.67,21741.16,21807.55,72685
1675987200,21807.55,21940,21495.4,21634.86,52389.7
1676073600,21634.86,21897.19,21611.54,21862.19,17100.45
1676160000,21862.19,22081.41,21659.69,21790.14,27490.57
1676246400,21790.14,21895.37,21407.31,21787.77,58725.99
1676332800,21787.77,22308.02,21587.95,22208.56,51049.58
1676419200,22208.56,24338.52,22059.91,24332.21,70450.63
1676505600,24332.21,25233.22,23522.57,23533.22,89399.75
1676592000,23533.22,25012.32,23368.98,24578.28,83842
1676678400,24578.28,24854.76,24454.5,24638.27,22334.7
1676764800,24638.27,25175.28,24253.13,24287.53,43529.32
1676851200,24287.53,25098.8,23873.19,24838.09,54396.11
1676937600,24838.09,25216.35,24168.6,24450.5,68937.6
1677024000,24450.5,24471.79,23597.76,24186.92,71228.71
1677110400,24186.92,24595.08,23629.29,23941.1,67725.34
1677196800,23941.1,24125.33,22830.91,23189.78,68652.11
1677283200,23190.14,23218.2,22809.19,23168.68,24727.95
1677369600,23168.68,23671.2,23068.22,23557.29,27073.82
1677456000,23557.29,23884.1,23148.47,23492.86,45081.05
1677542400,23492.86,23595.27,23038.65,23137.23,34862.93
1677628800,23137.23,23980.02,23036.22,23642.8,45323.52
1677715200,23642.8,23794.81,23210.39,23467.23,34727.29
1677801600,23467.23,23477.22,22134.9,22360.92,59283.75
1677888000,22360.92,22410.68,22177.19,22353.23,11840.22
1677974400,22353.23,22638.92,22243.05,22434.09,20875.88
1678060800,22434.09,22595.33,22311.67,22410.79,27089.91
1678147200,22410.79,22540.85,21951.39,22201.44,38893.98
1678233600,22201.44,22262.91,21628.01,21704.74,41232.56
1678320000,21704.74,21822.92,20113.96,20370.48,75232.11
1678406400,20370.48,20371.25,19599.47,20206.71,105350.02
1678492800,20206.71,20847.88,19895.33,20613.6,69435.51
1678579200,20613.6,22224.01,20445.19,22183.71,63957.66
1678665600,22183.71,24596,21896.85,24207.1,94501.71
1678752000,24207.1,26522.41,24071.83,24757.56,110643.58
1678838400,24757.56,25272.47,23946.02,24372.11,74114.24
1678924800,24372.11,25211.23,24220.45,25049.83,55408.3
1679011200,25049.83,27782.88,24945.9,27441.41,96426.82
1679097600,27441.41,27749.91,26655.22,26973.46,48843.14
1679184000,26973.46,28441.41,26901.66,28040.29,48163.58
1679270400,28040.29,28539.63,27228.03,27807.05,65834.79
1679356800,27807.05,28494.87,27416.8,28188.11,45696.4
1679443200,28188.11,28902.98,26676.69,27316.18,81267.64
1679529600,27316.18,28807.82,27190.13,28345.7,63194.55
1679616000,28345.7,28421.94,27054.76,27493.01,52231.16
1679702400,27493.01,27819.55,27186.95,27492.83,22474.29
1679788800,27492.83,28217.66,27448.83,27995.16,26394.91
1679875200,27995.16,28045.33,26551.46,27146.01,45933.42
1679961600,27146.01,27527.5,26638.39,27266.08,36875.77
1680048000,27266.08,28643.21,27254.72,28355.7,49571.43
1680134400,28355.7,29171.13,27735.19,28040.71,58696.25
1680220800,28040.71,28651.82,27552.64,28474.62,45335.87
1680307200,28474.62,28816.74,28263.72,28468.49,15689.96
1680393600,28468.49,28537.18,27885.3,28187.85,16366.29
1680480000,28187.85,28498.51,27292.3,27809.04,47462.93
1680566400,27809.04,28441.54,27671.89,28177.23,32404.02
1680652800,28177.23,28766.02,27843.06,28180.06,37846.93
1680739200,28180.06,28191.21,27736.36,28043.49,26094.3
1680825600,28043.49,28110.82,27786.82,27927.8,14575.83
1680912000,27927.8,28168.77,27879.51,27953.93,9261.95
1680998400,27953.93,28539.41,27825.42,28340.68,16329.18
1681084800,28340.68,29776.84,28179.73,29655.75,41851.84
1681171200,29655.75,30558.49,29612.35,30226.45,47151.42
1681257600,30226.45,30499.62,29710.91,29905.56,36421.26
1681344000,29905.56,30603.93,29881.9,30407.76,31936.33
1681430400,30407.76,31020.32,30015.78,30491.71,48758.42
1681516800,30491.71,30615.21,30237.51,30321.55,13596.83
1681603200,30321.55,30562.42,30155.49,30322.37,17283.22
1681689600,30322.37,30331.32,29265.91,29446.34,34966.91
1681776000,29446.34,30485.26,29135.27,30395.53,36469.48
1681862400,30395.53,30419.74,28615.79,28821.91,54525.22
1681948800,28821.91,29094.98,28007.09,28248.11,41297.76
1682035200,28248.11,28365.2,27173.44,27261.17,43368.57
1682121600,27261.17,27883.77,27150.5,27820.73,17443.02
1682208000,27820.73,27822.57,27352.28,27596.85,18289.06
1682294400,27596.85,27988.76,26998.44,27520.93,34236.79
1682380800,27520.93,28394.39,27200.99,28308.07,31694.19
1682467200,28308.07,30016.54,27261.2,28432.89,79154.04
1682553600,28432.89,29890.36,28397.94,29483.94,63333.86
1682640000,29483.94,29600.91,28920.19,29339.99,35166.03
1682726400,29339.99,29457.51,29078.4,29251.2,11330.73
1682812800,29251.2,29958.96,29113.64,29236.81,23251.07
1682899200,29236.81,29340.45,27680.56,28086.77,43941.31
1682985600,28086.77,28895.93,27899.16,28694.7,32659.37
1683072000,28694.7,29278.11,28151.97,29041.65,40257.03
1683158400,29041.65,29376.48,28702.7,28865.72,27573.93
1683244800,28865.72,29701.05,28852.44,29548.51,35426.26
1683331200,29548.51,29853.13,28449.95,28943.98,24527.41
1683417600,28943.98,29212.06,28547.22,28572.81,16604.62
1683504000,28572.81,28786.01,27396.42,27783.42,40605.62
1683590400,27783.42,27963.87,27510.12,27680.21,22925.76
1683676800,27680.21,28330.36,26840.62,27628.73,41945.8
1683763200,27628.73,27642.56,26731.83,26991.62,29504.51
1683849600,26991.62,27092.93,25833.3,26807.09,42526.8
1683936000,26807.09,27043.5,26705.45,26788.88,12502.23
1684022400,26788.88,27189.55,26611.92,26931.44,11877.98
1684108800,26931.44,27668.19,26759.29,27176.27,27959.1
1684195200,27176.27,27304.97,26869.45,27036.57,23994.43
1684281600,27036.57,27488.05,26565.39,27406.21,29196.37
1684368000,27406.21,27476.67,26379.63,26823.31,27707.43
1684454400,26823.31,27178.6,26668.92,26888.42,16460.59
1684540800,26888.42,27164.5,26840.23,27118.54,7375.52
1684627200,27118.54,27280.07,26691.06,26755.17,11973.11
1684713600,26755.17,27084.08,26548.27,26855.4,17684.89
1684800000,26855.4,27480.33,26808.03,27224.7,21235.04
1684886400,27224.7,27225.89,26092.06,26326.17,31836.22
1684972800,26326.17,26605.5,25882.27,26480.21,22984.71
1685059200,26480.21,26940.67,26338.96,26719.7,20356.54
1685145600,26719.7,26902.14,26585.34,26872.59,7427.77
1685232000,26872.59,28249.51,26789.58,28077.57,19785.88
1685318400,28077.57,28450.88,27546.65,27746.07,21644.99
1685404800,27746.07,28052.68,27568.98,27703.56,23615.79
1685491200,27703.56,27836.82,26853.57,27220.17,28352.48
1685577600,27220.17,27347.94,26628.22,26825.73,23979.7
1685664000,26825.73,27305,26519.23,27251.14,23786.38
1685750400,27251.14,27330.86,26946.35,27078.3,8092.89
1685836800,27078.3,27451.16,26964.17,27125.24,9147.43
1685923200,27125.24,27135.1,25411.77,25740.46,37219.66
1686009600,25740.46,27379.88,25380.61,27269.02,38336.34
1686096000,27269.02,27423.02,26132.38,26348.91,30599.1
1686182400,26348.91,26816.33,26225.25,26509.09,15156.05
1686268800,26509.09,26777.91,26290.32,26483.81,16583.88
1686355200,26483.81,26533.58,25424.05,25856.18,31361.96
1686441600,25856.18,26214.2,25655.94,25937.58,13172.72
1686528000,25937.58,26099.5,25629.48,25905.64,17060.82
1686614400,25905.64,26425.22,25717.6,25928.94,23047.35
1686700800,25928.94,26074.14,24836.48,25125.73,26761.01
1686787200,25125.73,25740.96,24765.75,25574.36,32804.74
1686873600,25574.36,26479.27,25205.5,26330.59,27648.16
1686960000,26330.59,26780.79,26170.91,26510.43,12515.48
1687046400,26510.43,26686.77,26260.74,26338,9378.95
1687132800,26338,27036.32,26265.34,26842.09,17956.62
1687219200,26842.09,28407.13,26648.29,28319.35,45985.63
1687305600,28319.35,30780.84,28276.59,30000.55,57981.94
1687392000,30000.55,30499.85,29611.53,29892.81,34380.15
1687478400,29892.81,31416.26,29818.21,30705.39,41294.22
1687564800,30705.39,30811.37,30276.97,30548.2,13046.45
1687651200,30548.2,31051.66,30297.61,30473.64,13393.19
1687737600,30473.64,30658.58,29930.89,30271.91,21681.68
1687824000,30271.91,31013.13,30232.66,30696.99,22312.5
1687910400,30696.99,30714.46,29862.15,30078.9,19096.02
1687996800,30078.9,30833.99,30043.07,30447.17,21447.12
1688083200,30447.17,31272.25,29465.7,30471.06,47299.15
1688169600,30471.06,30653.27,30321.27,30590.76,7261.71
1688256000,30590.76,30788.75,30181.34,30617.66,8660.66
1688342400,30617.66,31388.17,30575.7,31160.24,19619.43
1688428800,31160.24,31331.3,30638.68,30774.39,13276.48
1688515200,30774.39,30877.17,30201.06,30503.07,15878.7
1688601600,30503.07,31521.11,29869.18,29907.98,30802.77
1688688000,29907.98,30450.48,29725.12,30349.69,19368.34
1688774400,30349.69,30383.67,30056.18,30294.36,6360.91
1688860800,30294.36,30441,30074.68,30171.49,7139.62
1688947200,30171.49,31045.4,29964.03,30421.04,22193.83
1689033600,30421.04,30805.91,30314.1,30626.62,17665.77
1689120000,30626.62,30977.57,30214.19,30385.22,24693.12
1689206400,30385.22,31844.94,30259.09,31475.78,42344.72
1689292800,31475.78,31636.78,29929.3,30331.09,33129
1689379200,30331.09,30403.12,30258.91,30298.45,4925.15
1689465600,30298.45,30450.66,30083.92,30248.17,7411.25
1689552000,30248.17,30340.04,29675.15,30147.68,18560.1
1689638400,30147.68,30244.13,29538.16,29863.79,18759.37
1689724800,29863.79,30193.82,29765.06,29918.6,14893.37
1689811200,29918.6,30417.9,29577.88,29809.61,19269.41
1689897600,29809.61,30060.04,29737.09,29911.46,13254.74
1689984000,29911.46,30000.3,29635.44,29791.61,6111.68
1690070400,29791.61,30345.9,29738.58,30085.68,8140.53
1690156800,30085.68,30097.78,28860.94,29181.04,25436.68
1690243200,29181.04,29367.59,29054.49,29226.63,12141.51
1690329600,29226.63,29682.98,29098.81,29352.06,16583.36
1690416000,29352.06,29566.99,29082.04,29217.05,12727.55
1690502400,29217.05,29528.45,29121.24,29316.82,11707.43
1690588800,29316.82,29406.57,29258.14,29358.76,4989.17
1690675200,29358.76,29449.84,29043.43,29283.34,7661.41
1690761600,29283.34,29524.99,29108.82,29231.47,14553.25
1690848000,29231.47,29721.48,28564.09,29699.74,28319.33
1690934400,29699.74,30029.06,28914.46,29163.69,28507.89
1691020800,29163.69,29397.03,28945.61,29177.75,15427.08
1691107200,29177.75,29308.95,28794.51,29078.51,12900.38
1691193600,29078.51,29111.36,28953.98,29050.34,4135
1691280000,29050.34,29164.68,28962.89,29046.16,4361.16
1691366400,29046.16,29245.27,28672.37,29182.16,16388.65
1691452800,29182.16,30210.36,29111.88,29770.51,26561.94
1691539200,29770.51,30120.86,29356.43,29566.47,17933.09
1691625600,29566.47,29707.55,29319.58,29428.1,12722.06
1691712000,29428.1,29535.4,29219.56,29403.56,10550.47
1691798400,29403.56,29471.12,29356.08,29417.08,3495.96
1691884800,29417.08,29447.27,29257.12,29281.55,3928.8
1691971200,29281.55,29664.61,29082.39,29409.22,12333.02
1692057600,29409.22,29460.86,29056.77,29171.23,10214.85
1692144000,29171.23,29228.22,28696.21,28702.8,16506.96
1692230400,28702.8,28752.02,25328.06,26629.67,50603.71
1692316800,26629.67,26823.13,25629.62,26049.69,33853.32
1692403200,26049.69,26266.25,25797.39,26095.8,10190.62
1692489600,26095.8,26291.33,25983.85,26191.01,7358.66
1692576000,26191.01,26248.2,25819.92,26126.18,16512.71
1692662400,26126.18,26137.6,25369.8,26043.01,19880.36
1692748800,26043.01,26807.82,25802.48,26429.4,25584.15
1692835200,26429.4,26565.88,25859.32,26166.22,17135.14
1692921600,26166.22,26291.13,25759.58,26051.29,18808.91
1693008000,26051.29,26109.19,25979.58,26010.35,3572.84
1693094400,26010.35,26168.79,25966.75,26091.32,4137.97
1693180800,26091.32,26233.53,25861.84,26106,11633.38
1693267200,26106,28154.08,25911.89,27724.41,39870.36
1693353600,27724.41,27766.41,27036.49,27305.41,19031.6
1693440000,27305.41,27563.68,25683.18,25937.29,27850.06
1693526400,25937.29,26137.14,25323.44,25798.79,24807.18
1693612800,25798.79,25980.31,25729.66,25868.56,7017.96
1693699200,25868.56,26115.72,25805.82,25971.37,6190.05
1693785600,25971.37,26089.36,25636.28,25816.24,8832.41
1693872000,25816.24,25878.61,25567.56,25785.01,10888.31
1693958400,25785.01,26019.64,25379.85,25751.71,15183.61
1694044800,25751.71,26426.41,25600.8,26264.75,18952.45
1694131200,26264.75,26443.61,25650.9,25907.13,18556.34
1694217600,25907.13,25936.62,25799.89,25898.41,4094.4
1694304000,25898.41,26020.84,25589.02,25833.67,8434.22
1694390400,25833.67,25889.38,24911.78,25157.07,24481.75
1694476800,25157.07,26545.24,25128.37,25840.34,36111.44
1694563200,25840.34,26432.59,25768.65,26227.49,18955.32
1694649600,26227.49,26845.74,26136.39,26533.66,24488.8
1694736000,26533.66,26879.57,26224.91,26605.49,17339
1694822400,26605.49,26771.68,26459.99,26569.13,7062.9
1694908800,26569.13,26621.93,26413.39,26533.12,5698.34
1694995200,26533.12,27425.7,26394.81,26767.82,29536.95
1695081600,26767.82,27493.85,26676.6,27219.02,24703.82
1695168000,27219.02,27389.22,26814.07,27126.4,21439.58
1695254400,27126.4,27162,26373.55,26567.47,20948.1
1695340800,26567.47,26738.04,26478.87,26583.16,15354.82
1695427200,26583.16,26640.84,26522.49,26585.41,5251.29
1695513600,26585.41,26732.91,26146.79,26261.44,9848.35
1695600000,26261.44,26439.02,25997.17,26297.93,19804.27
1695686400,26297.93,26395.42,26090.75,26212.59,12902.09
1695772800,26212.59,26828.5,26096.78,26360.2,24188.11
1695859200,26360.2,27306.05,26328.53,27027.2,30832.51
1695945600,27027.2,27233.94,26674.22,26909.4,21721.72
1696032000,26909.4,27095.39,26887.09,26964.27,7260.78
1696118400,26964.27,28060.49,26958.76,27994.51,16861.15
1696204800,27994.51,28585.13,27312.81,27507.22,42701.42
1696291200,27507.22,27669.05,27170.07,27428.66,22621.25
1696377600,27428.66,27836.54,27222.97,27789.8,18061.23
1696464000,27789.8,28128.37,27363.01,27414.59,25127.82
1696550400,27414.59,28280.04,27181.63,27946.61,25278.57
1696636800,27946.61,28035.05,27864.11,27973.69,7351.08
1696723200,27973.69,28105.36,27714.35,27933.57,8547.03
1696809600,27933.57,27999.8,27282.89,27598.77,21887.87
1696896000,27598.77,27735.72,27298.5,27395.4,18600.95
1696982400,27395.4,27475.69,26531.55,26871.21,30496.51
1697068800,26871.21,26937.98,26549.78,26756.23,16400.37
1697155200,26756.23,27110.91,26674.97,26862.9,18507.04
1697241600,26862.9,26982.78,26810.02,26854.52,5865.21
1697328000,26854.52,27297.26,26813.06,27177.41,10978.68
1697414400,27177.41,30009.15,27131.48,28518.37,66720.48
1697500800,28518.37,28628.83,28094.14,28409.46,26038.83
1697587200,28409.46,28988.79,28156.7,28328.07,23999.55
1697673600,28328.07,28927.17,28135.5,28733.78,25550.36
1697760000,28733.78,30243.12,28596.96,29684.37,42016.08
1697846400,29684.37,30365.61,29480.22,29924.08,15637.83
1697932800,29924.08,30232.64,29674.58,30001.44,13845.91
1698019200,30001.44,34739.17,29898.26,33084.08,73249.41
1698105600,33084.08,35183.22,32857.8,33923.52,75112.67
1698192000,33923.52,35136.87,33698.9,34503.4,43002.87
1698278400,34503.4,34836.51,33746.16,34157.06,36463.09
1698364800,34157.06,34246.78,33406.13,33907.7,30792.41
1698451200,33907.7,34494.4,33876.07,34090.05,10888.97
1698537600,34090.05,34761.09,33947.8,34535.38,13639.48
1698624000,34535.38,34862.12,34090.22,34494.56,23948.89
1698710400,34494.56,34726.05,34058.4,34657.73,21982.74
1698796800,34657.73,35623.76,34096.9,35439.76,34274.26
1698883200,35439.76,35973.2,34323.19,34947.15,31205.25
1698969600,34947.15,34950.21,34118.29,34732.28,27811.97
1699056000,34732.28,35278.07,34606.38,35086.09,10840.41
1699142400,35086.09,35393.84,34489.02,35039.47,15210.52
1699228800,35039.47,35288.36,34758.64,35054.59,17520.44
1699315200,35054.59,35929.83,34537.87,35421.85,28810.78
1699401600,35421.85,36109.43,35120.46,35638.33,26404.64
1699488000,35638.33,37990.51,35557.78,36704.14,62530.57
1699574400,36704.14,37536.44,36342.27,37321.51,32545.3
1699660800,37321.51,37417.29,36701.83,37142.22,14920.5
1699747200,37142.22,37233.45,36747.05,37079.76,9320.87
1699833600,37079.76,37429.52,36358,36482.51,24368.53
1699920000,36482.51,36752.31,34788.17,35551.21,33896.65
1700006400,35551.21,37977.31,35374.22,37884.19,39005.98
1700092800,37884.19,37951.14,35512.38,36162.42,38917.77
1700179200,36162.42,36780.63,35873.7,36626.32,28253.69
1700265600,36626.32,36853.45,36212.85,36591.19,8649.03
1700352000,36591.19,37529.1,36411.61,37388.64,11668.93
1700438400,37388.64,37770.11,36767.05,37476.66,31117.45
1700524800,37476.66,37665.29,35753.93,35758.72,42793.3
1700611200,35758.72,37866.63,35656.41,37424.2,36262.61
1700697600,37424.2,37646.06,36892.34,37299.18,16793.76
1700784000,37299.18,38432.07,37262.39,37737.05,34951.5
1700870400,37737.05,37907.84,37616.03,37801.92,8271.55
1700956800,37801.92,37829.46,37159.52,37460.21,12751.26
1701043200,37460.21,37568.17,36727.3,37246.29,24674.21
1701129600,37246.29,38410.41,36879.99,37836.63,33506.06
1701216000,37836.63,38456.97,37589.12,37861.9,27433.75
1701302400,37861.9,38149.78,37505.7,37729.58,16874.61
1701388800,37729.58,38982.35,37626.12,38699.84,32942.59
1701475200,38699.84,39712.52,38659.45,39469.35,17299.38
1701561600,39469.35,40203.23,39288.91,39980.93,16087.63
1701648000,39980.93,42399.42,39980.36,41984.41,48574.89
1701734400,41984.41,44639.18,41368.51,44089.06,52083.86
1701820800,44089.06,44286.67,43386.17,43771.01,39080.76
1701907200,43771.01,44050.53,42856.57,43285.02,30381.14
1701993600,43285.02,44735.52,43094.02,44186.18,29502.75
1702080000,44186.18,44373.02,43597.57,43723,15066.31
1702166400,43723,44047.82,43584.51,43791.67,11497.59
1702252800,43791.67,43808.9,40180.77,41235.58,58689.61
1702339200,41235.58,42080.61,40648.18,41472.94,31480.37
1702425600,41472.94,43461.75,40579.83,42887.55,36203.68
1702512000,42887.55,43416.91,41433.23,43030.6,34166.34
1702598400,43030.6,43091.28,41662.1,41939.16,25157.34
1702684800,41939.16,42678.86,41640.84,42243.26,13495.73
1702771200,42243.26,42372.05,41228.17,41349.42,18460.88
1702857600,41349.42,42744.41,40512.69,42650.27,32860.71
1702944000,42650.27,43454.44,41796.54,42268.08,30940.15
1703030400,42268.08,44303.12,42195.52,43669.91,41481.09
1703116800,43669.91,44245.16,43306.15,43875.01,29872.95
1703203200,43875.01,44417.78,43426.51,44008.04,24740.39
1703289600,44008.04,44024.62,43338.34,43732.75,10973.31
1703376000,43732.75,43965.2,42635.13,43023.12,14281.15
1703462400,43023.12,43808.21,42763.83,43593.79,14747.02
1703548800,43593.79,43604.51,41616.59,42517.32,30529.57
1703635200,42517.32,43694.83,42121.77,43469.34,27420.29
1703721600,43469.34,43817.61,42283.91,42588.94,29112.04
1703808000,42588.94,43134.59,41296.86,42073.59,34268.41
1703894400,42073.59,42595.81,41529.95,42146.03,21511.57
1703980800,42146.03,42863.11,41970.37,42280.14,21509.24
1704067200,42280.14,44210.89,42187.32,44197.61,19499.59
1704153600,44197.61,45918.98,44181.86,44970.34,57443.36
1704240000,44970.34,45513.73,40214.67,42854.08,82056.19
1704326400,42854.08,44751.27,42657.44,44479.82,46158.65
